OverTime,YearsAtCompany,Age,JobLevel,EnvironmentSatisfaction,Department,JobSatisfaction,StockOptionLevel,JobInvolvement
0,0.7232926390247202,58,4,4,0,4,1,3
1,2.0026342817333047,45,1,4,1,4,1,3
1,2.3669439908983287,40,2,3,0,1,1,3
1,2.7854135759006455,36,3,1,0,1,0,2
0,0.7232926390247202,25,1,3,0,4,0,1
1,2.0026342817333047,52,4,4,1,4,0,3
1,1.175622953692389,47,1,2,1,3,0,3
1,1.5103973736359457,26,1,4,1,3,3,1
1,0.7232926390247202,24,1,4,0,2,1,3
1,2.6584607585199937,27,3,3,1,1,0,3
1,2.7854135759006455,30,1,2,1,4,1,3
0,3.819432397001403,47,3,3,1,2,1,2
1,0.0,47,2,2,0,3,0,3
0,1.5103973736359457,34,3,2,2,1,3,3
1,2.7854135759006455,45,2,4,1,4,2,2
1,2.3669439908983287,38,1,3,2,3,1,4
1,2.7854135759006455,38,2,4,1,4,0,3
1,2.7854135759006455,29,1,2,1,4,1,1
1,2.0026342817333047,34,1,4,1,2,1,2
0,2.902608229699713,30,2,3,0,2,3,2
1,1.5103973736359457,27,1,2,1,3,0,4
1,2.1962544932649113,35,1,3,1,1,0,2
1,1.5103973736359457,32,1,3,1,2,0,2
1,0.7232926390247202,35,1,3,1,4,1,3
1,2.0026342817333047,34,1,1,1,3,3,2
1,2.902608229699713,31,2,3,1,4,0,3
1,0.7232926390247202,19,1,1,2,4,0,2
1,0.7232926390247202,55,5,3,1,1,3,2
0,2.0026342817333047,38,2,3,0,4,0,3
1,1.175622953692389,20,1,3,0,3,0,2
1,2.902608229699713,34,2,4,1,1,1,2
0,3.5426065409642953,36,2,2,0,4,1,3
0,1.175622953692389,49,1,4,1,1,1,3
0,1.7782803158941651,40,1,4,1,4,0,2
1,3.6868158612269606,40,5,4,1,3,1,3
1,0.7232926390247202,51,2,2,1,3,0,2
0,2.902608229699713,60,2,2,0,4,1,4
0,1.175622953692389,31,1,3,1,4,1,3
1,2.6584607585199937,38,3,4,1,3,0,2
0,2.519827840831157,27,1,4,1,3,0,3
1,1.5103973736359457,29,1,4,1,1,0,3
1,3.5426065409642953,60,3,3,0,1,0,2
0,0.7232926390247202,38,3,3,1,3,0,3
1,3.113310477988108,31,3,3,1,2,1,3
0,1.5103973736359457,36,2,2,1,2,1,2
0,2.0026342817333047,34,3,3,0,4,3,3
1,2.0026342817333047,37,1,3,0,4,1,3
0,0.7232926390247202,29,1,2,1,1,1,2
1,2.519827840831157,27,2,1,0,3,0,4
0,2.7854135759006455,29,2,1,0,2,1,2
1,3.113310477988108,34,2,4,1,1,0,2
1,3.3843944556206687,35,2,2,1,1,0,4
1,2.1962544932649113,25,2,3,0,4,0,3
1,4.215301562080848,60,5,1,1,1,0,3
1,2.3669439908983287,36,2,1,0,4,2,3
1,1.7782803158941651,27,1,1,1,4,0,2
1,1.7782803158941651,24,2,4,1,3,2,2
1,1.5103973736359457,21,1,1,0,4,0,3
1,1.7782803158941651,33,2,4,0,1,2,3
1,2.7854135759006455,32,2,1,1,4,2,3
1,2.1962544932649113,34,1,3,1,1,0,2
1,2.519827840831157,40,2,3,1,3,2,3
1,2.0026342817333047,34,2,2,1,3,0,3
1,1.5103973736359457,33,1,2,1,4,0,3
1,3.011520783697835,46,4,1,0,3,1,3
0,2.0026342817333047,27,1,4,1,4,0,3
1,4.000503188858145,44,5,3,1,1,2,4
1,2.6584607585199937,46,2,4,1,2,1,3
0,1.5103973736359457,53,4,1,1,3,3,2
1,0.7232926390247202,35,2,4,1,1,1,3
1,1.175622953692389,31,1,3,1,3,1,3
0,3.5426065409642953,41,1,4,1,1,0,3
1,2.7854135759006455,48,3,4,1,4,0,3
0,2.7854135759006455,31,2,1,0,4,0,3
1,2.6584607585199937,28,2,3,1,4,3,1
0,0.7232926390247202,31,1,4,1,4,3,1
1,2.519827840831157,49,3,3,1,2,2,3
0,1.5103973736359457,36,2,1,1,1,1,4
1,1.5103973736359457,28,1,3,2,4,1,3
0,1.7782803158941651,42,2,4,1,4,1,2
1,2.0026342817333047,31,1,3,1,2,0,2
1,2.3669439908983287,56,4,3,0,1,3,4
1,2.6584607585199937,38,2,2,1,4,0,4
1,3.208905039432498,36,3,4,1,4,0,2
0,2.0026342817333047,40,3,4,0,2,0,2
1,3.616294636986046,39,3,3,1,3,0,3
0,1.5103973736359457,37,2,4,0,3,1,3
1,1.5103973736359457,45,2,1,1,3,1,4
0,2.7854135759006455,35,2,4,1,4,1,3
0,0.7232926390247202,37,2,4,0,4,3,2
1,2.0026342817333047,47,5,4,2,3,1,3
1,0.7232926390247202,29,1,3,0,1,0,4
1,3.208905039432498,50,3,4,1,1,3,2
0,2.1962544932649113,27,2,4,0,4,0,2
1,3.299058962746408,34,2,2,0,4,1,4
1,2.0026342817333047,35,1,2,1,3,1,1
1,1.175622953692389,53,4,1,0,4,1,3
1,3.8819818846373333,47,4,3,0,3,0,1
1,2.0026342817333047,26,1,1,1,3,2,2
0,2.7854135759006455,29,2,2,1,4,1,2
1,0.7232926390247202,20,1,1,1,1,0,3
1,2.1962544932649113,37,3,2,1,4,0,3
1,3.011520783697835,42,1,1,1,4,0,3
1,0.7232926390247202,40,2,1,1,3,0,2
1,3.208905039432498,41,2,4,0,4,0,3
0,2.0026342817333047,52,4,4,1,3,1,4
1,1.175622953692389,29,1,2,0,2,0,1
1,0.7232926390247202,33,1,2,1,3,3,2
1,3.6868158612269606,45,4,1,1,4,1,2
1,1.5103973736359457,39,1,3,1,3,3,3
1,1.7782803158941651,40,1,3,1,1,1,3
1,2.7854135759006455,35,3,4,0,4,1,3
1,1.7782803158941651,24,2,2,1,3,0,2
1,1.5103973736359457,49,2,1,1,3,1,3
1,0.7232926390247202,35,1,4,1,4,0,4
1,2.519827840831157,26,2,4,1,4,0,4
1,1.7782803158941651,33,1,1,1,4,3,1
0,2.0026342817333047,55,5,4,1,1,1,3
0,1.7782803158941651,31,1,3,1,1,1,3
0,1.5103973736359457,32,2,3,0,2,3,3
1,1.7782803158941651,24,1,4,1,2,0,3
1,1.175622953692389,50,1,4,0,2,1,3
0,0.0,45,3,4,1,1,0,3
0,0.0,50,2,4,0,3,0,3
0,2.519827840831157,35,3,4,1,3,0,3
1,3.011520783697835,30,2,3,1,4,0,3
1,0.7232926390247202,32,1,4,1,2,0,3
1,1.5103973736359457,30,2,4,0,1,2,3
1,3.6868158612269606,44,3,2,2,1,1,2
1,3.819432397001403,41,4,4,0,2,0,3
0,3.299058962746408,34,2,4,0,3,1,3
1,2.7854135759006455,37,2,1,1,4,0,3
1,2.3669439908983287,35,3,2,1,2,1,4
1,0.7232926390247202,27,1,2,1,3,0,3
1,2.0026342817333047,30,2,2,0,3,0,3
1,3.299058962746408,36,1,4,1,4,1,3
1,0.0,18,1,3,1,3,0,3
0,2.519827840831157,34,1,3,0,3,2,3
1,2.7854135759006455,44,1,1,1,4,1,4
1,2.1962544932649113,43,1,4,1,2,1,4
0,2.7854135759006455,55,2,2,1,4,1,3
1,1.175622953692389,35,3,3,1,4,0,3
1,2.902608229699713,36,2,1,1,4,0,3
1,1.7782803158941651,31,1,4,1,1,1,2
1,0.7232926390247202,40,3,3,0,1,1,1
0,2.0026342817333047,52,3,4,1,3,0,2
1,3.113310477988108,33,3,3,1,3,0,3
1,2.7854135759006455,30,2,4,0,3,3,2
0,0.7232926390247202,33,1,4,0,3,0,3
1,2.1962544932649113,45,1,2,2,2,0,3
1,1.7782803158941651,28,1,1,1,3,1,3
1,1.175622953692389,30,1,4,1,3,2,1
0,2.0026342817333047,27,2,4,0,3,0,3
1,2.519827840831157,45,2,4,0,2,1,3
0,2.519827840831157,37,1,2,1,1,1,4
0,1.175622953692389,20,1,4,0,4,0,3
0,3.819432397001403,41,3,3,0,3,1,3
1,1.7782803158941651,59,2,1,0,3,0,2
1,4.056788966787984,46,4,4,0,1,0,4
0,2.0026342817333047,36,2,1,0,2,0,3
1,2.0026342817333047,35,1,1,1,2,1,4
1,2.6584607585199937,33,2,4,1,2,2,3
1,1.175622953692389,34,2,4,0,4,0,1
1,0.7232926390247202,31,3,1,0,3,3,3
0,2.7854135759006455,47,3,1,1,2,1,3
1,2.3669439908983287,53,5,4,1,3,1,3
1,1.5103973736359457,33,3,4,1,4,1,2
1,2.3669439908983287,34,2,4,1,1,1,3
1,1.175622953692389,21,1,1,1,3,0,2
1,3.465430906320976,36,3,3,1,3,3,3
1,2.6584607585199937,40,2,3,1,4,0,3
1,3.011520783697835,31,2,1,0,4,2,2
1,0.7232926390247202,32,2,4,1,4,0,2
1,1.7782803158941651,30,3,3,0,2,1,3
0,0.7232926390247202,38,1,4,1,4,1,3
1,0.7232926390247202,47,2,3,0,2,1,3
1,2.902608229699713,36,1,3,1,3,0,3
1,1.175622953692389,31,1,3,0,4,1,4
1,2.7854135759006455,29,3,2,0,4,3,3
1,2.3669439908983287,33,2,2,0,4,0,2
1,2.3669439908983287,35,3,3,1,2,1,2
0,3.011520783697835,36,3,4,1,1,1,3
1,4.3604591545071685,50,5,1,2,2,1,3
1,0.0,32,2,1,0,2,0,1
1,1.7782803158941651,25,1,1,1,1,0,4
1,2.7854135759006455,40,2,4,1,3,1,3
1,0.0,48,1,4,1,3,2,3
1,4.056788966787984,46,4,3,0,1,0,3
1,1.5103973736359457,26,1,1,1,4,2,3
1,2.7854135759006455,34,2,3,2,2,2,2
0,0.7232926390247202,35,1,1,1,1,1,3
1,2.6584607585199937,27,2,2,0,3,1,2
1,3.7544477969121335,41,5,2,2,4,3,2
0,4.215301562080848,51,5,4,0,2,1,3
1,1.175622953692389,23,1,1,1,3,0,4
0,2.6584607585199937,35,2,3,1,3,0,3
1,1.5103973736359457,34,2,4,1,3,0,3
0,1.7782803158941651,33,1,4,2,2,1,3
1,1.5103973736359457,25,2,4,0,2,1,4
1,2.6584607585199937,45,2,2,1,4,2,2
1,2.0026342817333047,40,1,3,1,3,3,3
0,0.7232926390247202,20,1,4,1,3,0,3
1,2.0026342817333047,27,1,2,1,1,0,3
1,2.1962544932649113,37,2,2,1,2,1,3
1,3.113310477988108,38,2,4,1,4,2,3
1,1.175622953692389,50,3,3,0,4,0,3
1,2.7854135759006455,29,3,2,1,1,1,4
1,0.7232926390247202,24,1,4,1,2,1,3
1,2.0026342817333047,28,2,3,0,1,1,2
0,2.3669439908983287,33,3,2,1,3,0,3
1,0.7232926390247202,27,1,1,2,2,0,2
1,0.7232926390247202,24,1,4,1,2,1,2
1,0.7232926390247202,29,1,4,1,1,1,2
1,3.5426065409642953,41,4,2,0,1,1,3
1,2.902608229699713,34,2,3,1,2,2,3
1,3.208905039432498,34,3,1,0,4,0,3
0,1.7782803158941651,29,2,4,1,2,1,2
1,3.7544477969121335,41,5,2,1,3,2,1
1,2.0026342817333047,40,2,3,1,4,1,3
1,2.0026342817333047,26,1,1,1,1,2,2
1,2.0026342817333047,32,1,1,1,3,1,3
1,3.3843944556206687,34,2,1,1,3,0,3
0,2.6584607585199937,32,2,1,1,4,1,3
1,1.175622953692389,23,1,4,1,3,1,4
0,2.902608229699713,34,1,2,0,3,1,3
1,2.0026342817333047,50,5,3,1,2,0,3
1,1.5103973736359457,36,2,4,1,3,0,2
0,3.011520783697835,50,4,4,1,3,1,3
1,1.7782803158941651,29,2,4,0,3,1,3
1,2.519827840831157,33,1,4,1,2,1,3
1,2.519827840831157,37,1,2,1,2,1,3
1,1.5103973736359457,29,1,4,1,4,0,3
1,2.6584607585199937,36,3,2,0,4,1,3
1,0.0,32,2,4,0,4,0,3
1,2.1962544932649113,29,1,3,1,4,0,3
0,3.3843944556206687,36,2,3,1,2,0,3
1,3.9422834746530238,45,3,1,1,1,1,3
1,0.7232926390247202,28,1,4,0,2,0,3
1,1.5103973736359457,43,1,4,1,4,1,3
1,0.7232926390247202,36,2,4,0,4,0,3
0,2.3669439908983287,46,4,3,0,2,1,1
1,3.113310477988108,36,3,1,0,4,1,2
1,3.6868158612269606,42,4,3,2,1,1,3
0,2.0026342817333047,24,2,4,0,3,2,3
0,1.7782803158941651,34,2,4,0,4,0,2
1,1.175622953692389,39,2,4,1,4,3,3
1,3.6868158612269606,39,4,2,0,1,0,3
0,2.1962544932649113,32,1,1,1,2,2,4
1,1.5103973736359457,31,4,1,1,2,0,3
1,2.1962544932649113,39,3,3,1,3,1,3
1,2.519827840831157,35,1,4,1,3,1,2
1,2.519827840831157,32,1,3,1,2,1,3
1,3.616294636986046,38,3,3,1,3,1,2
1,2.7854135759006455,38,2,1,0,4,1,3
0,2.7854135759006455,36,2,2,0,3,1,2
1,3.208905039432498,37,3,1,0,3,0,2
1,0.0,27,1,4,1,4,3,3
1,2.0026342817333047,28,2,2,0,3,0,3
1,2.902608229699713,35,3,4,1,2,0,2
0,2.7854135759006455,35,2,3,0,4,0,3
1,2.1962544932649113,35,2,2,1,2,0,3
1,1.5103973736359457,50,1,3,1,3,1,2
1,2.7854135759006455,37,2,4,1,1,0,3
1,0.7232926390247202,40,1,1,1,4,2,3
1,2.0026342817333047,42,2,3,0,3,0,2
0,0.7232926390247202,38,2,2,1,4,1,1
0,3.5426065409642953,40,3,4,0,1,1,2
0,0.7232926390247202,19,1,4,0,2,0,2
1,2.1962544932649113,35,1,2,1,3,0,2
1,1.5103973736359457,32,1,2,1,4,2,4
0,2.0026342817333047,25,2,2,0,4,0,2
1,2.1962544932649113,25,2,2,1,1,2,4
1,3.5426065409642953,37,1,4,1,1,1,3
1,2.0026342817333047,37,2,2,0,2,2,2
0,1.175622953692389,31,2,2,0,3,1,1
1,0.0,29,2,1,0,2,2,2
1,0.7232926390247202,37,2,1,1,2,0,1
0,1.5103973736359457,23,1,3,0,4,1,3
1,2.902608229699713,30,2,3,1,4,3,2
1,0.0,40,2,2,0,2,3,3
0,3.299058962746408,38,2,1,1,1,0,4
0,2.519827840831157,32,2,4,1,3,0,3
0,3.819432397001403,44,5,2,1,4,1,3
0,1.7782803158941651,37,1,2,1,4,3,3
1,2.519827840831157,38,2,4,0,4,1,2
1,3.465430906320976,36,1,3,1,1,0,4
1,1.7782803158941651,51,3,2,0,2,0,3
1,2.1962544932649113,37,2,3,0,4,2,1
1,2.7854135759006455,35,2,2,1,3,0,3
1,1.175622953692389,25,1,1,1,1,1,3
1,0.7232926390247202,42,2,1,1,4,0,2
0,1.5103973736359457,32,1,4,1,3,0,2
1,2.902608229699713,36,1,3,1,2,0,3
1,0.0,45,5,2,1,2,0,3
1,2.0026342817333047,44,1,3,1,3,0,2
0,2.519827840831157,26,1,3,1,4,0,3
1,2.0026342817333047,39,2,4,2,4,2,2
1,0.7232926390247202,36,2,1,1,3,1,3
1,2.1962544932649113,39,5,4,1,4,0,3
0,2.3669439908983287,26,1,2,2,3,1,3
1,3.113310477988108,51,3,1,1,1,0,2
1,1.5103973736359457,36,2,1,1,3,2,3
1,2.6584607585199937,46,3,4,1,4,1,3
0,2.1962544932649113,31,1,4,1,4,1,3
1,3.5426065409642953,40,3,1,1,3,2,2
1,2.7854135759006455,34,1,2,1,4,1,3
1,1.5103973736359457,34,1,3,2,4,1,3
1,1.5103973736359457,29,1,4,1,2,3,3
0,1.7782803158941651,35,1,3,1,2,1,2
1,2.0026342817333047,24,1,3,1,3,1,4
1,1.175622953692389,32,1,3,1,2,1,2
1,1.7782803158941651,50,3,4,1,4,0,2
1,2.0026342817333047,45,2,4,0,3,0,3
1,2.7854135759006455,36,3,2,0,3,2,2
1,1.175622953692389,27,2,3,1,1,1,2
0,2.0026342817333047,55,4,4,1,3,3,3
1,3.113310477988108,31,3,1,0,4,1,3
0,1.175622953692389,33,1,1,1,2,0,2
1,2.0026342817333047,28,1,4,1,4,1,3
0,1.175622953692389,46,5,3,1,4,1,3
0,1.175622953692389,41,3,4,0,3,0,3
0,2.7854135759006455,31,3,4,0,3,1,3
1,1.5103973736359457,37,1,1,1,3,0,3
0,2.1962544932649113,59,3,2,0,4,1,3
1,2.519827840831157,36,3,1,1,1,1,4
1,2.3669439908983287,25,1,2,0,3,0,3
1,2.3669439908983287,29,1,4,1,2,2,3
0,0.7232926390247202,28,1,3,1,2,3,3
1,2.1962544932649113,42,1,3,1,3,2,3
1,2.6584607585199937,32,2,4,1,2,2,3
1,2.7854135759006455,34,2,4,1,3,0,2
0,2.1962544932649113,24,1,1,1,4,0,3
1,2.7854135759006455,31,2,3,1,1,0,2
0,1.7782803158941651,28,1,4,1,3,0,3
0,2.3669439908983287,49,4,3,1,3,0,2
0,2.0026342817333047,30,1,4,1,1,0,3
1,2.1962544932649113,24,1,2,1,1,3,3
1,1.7782803158941651,36,2,3,0,2,2,2
1,0.7232926390247202,48,5,4,1,4,0,2
1,2.3669439908983287,32,3,3,1,4,0,3
1,1.7782803158941651,25,2,1,1,3,2,3
1,0.7232926390247202,33,1,3,1,4,0,3
1,2.3669439908983287,39,3,4,0,3,1,4
1,1.175622953692389,52,1,3,1,4,0,2
0,3.299058962746408,49,4,3,1,3,1,2
1,1.5103973736359457,25,1,1,1,4,1,3
1,3.113310477988108,42,3,3,1,1,1,3
1,2.3669439908983287,29,1,3,1,4,1,3
1,2.0026342817333047,40,2,2,0,2,1,2
1,0.0,28,1,1,1,3,0,3
1,0.7232926390247202,32,1,4,1,1,0,3
1,1.175622953692389,34,1,2,1,4,1,3
0,1.5103973736359457,36,2,3,1,3,2,3
1,3.299058962746408,45,2,2,0,3,1,2
1,3.819432397001403,42,4,4,1,1,1,3
0,4.40627343557056,51,4,3,2,2,1,3
0,2.0026342817333047,33,2,1,0,1,0,3
0,2.0026342817333047,47,2,2,0,3,0,4
1,1.5103973736359457,44,1,1,1,1,0,3
1,2.519827840831157,46,3,3,0,2,3,3
0,3.6868158612269606,50,1,4,1,3,3,4
1,2.0026342817333047,32,2,3,1,4,1,3
1,1.7782803158941651,27,1,3,0,1,1,3
0,3.3843944556206687,35,3,3,1,3,1,3
1,2.6584607585199937,41,2,3,0,1,1,3
1,1.7782803158941651,34,2,2,1,3,0,4
1,1.175622953692389,32,1,2,0,2,1,2
1,2.7854135759006455,34,1,2,1,4,0,2
0,1.5103973736359457,36,1,3,0,4,0,3
1,2.519827840831157,41,2,1,0,2,0,3
0,2.1962544932649113,58,3,3,1,2,1,2
1,2.7854135759006455,35,3,3,0,3,0,3
1,3.6868158612269606,40,5,3,0,3,0,3
0,1.7782803158941651,22,1,4,1,2,1,4
0,1.7782803158941651,46,2,2,2,2,1,3
1,4.40627343557056,52,5,3,1,3,1,2
1,1.5103973736359457,48,4,4,1,1,1,2
1,2.3669439908983287,39,2,2,1,1,3,3
1,1.5103973736359457,30,1,4,1,1,1,3
1,3.5426065409642953,41,5,1,1,3,1,3
0,1.7782803158941651,27,1,3,1,2,0,3
1,2.3669439908983287,39,3,4,1,1,1,2
1,0.7232926390247202,42,2,2,1,4,0,1
0,0.0,18,1,2,0,2,0,3
1,2.519827840831157,32,2,4,0,4,3,1
1,3.113310477988108,36,2,3,0,4,0,3
1,2.3669439908983287,55,4,2,1,4,2,4
1,2.1962544932649113,42,2,2,0,1,0,3
1,2.3669439908983287,27,2,4,0,4,0,3
1,3.208905039432498,33,1,1,1,4,1,3
0,4.056788966787984,47,4,3,1,4,1,3
0,3.299058962746408,33,2,2,1,3,1,3
1,2.0026342817333047,29,2,1,1,1,1,3
0,3.113310477988108,38,2,2,1,4,3,1
1,2.6584607585199937,32,3,2,0,4,0,3
1,2.7854135759006455,36,2,1,1,4,0,2
1,2.7854135759006455,37,2,3,2,2,0,3
0,1.5103973736359457,26,1,1,1,1,1,3
0,0.0,19,1,4,0,3,0,3
1,0.7232926390247202,30,1,3,1,3,2,3
1,2.0026342817333047,45,1,4,1,4,2,3
1,2.7854135759006455,41,3,2,0,1,1,4
1,3.6868158612269606,40,2,2,1,2,1,3
1,2.3669439908983287,29,4,4,1,4,2,2
1,2.1962544932649113,42,2,4,1,4,3,2
0,1.175622953692389,28,2,4,0,3,0,3
1,0.7232926390247202,34,1,3,1,3,0,4
1,2.7854135759006455,29,3,2,2,1,0,2
1,2.6584607585199937,54,3,3,0,3,1,2
0,2.0026342817333047,26,1,4,2,2,0,3
1,2.0026342817333047,35,2,4,0,4,1,3
1,0.0,44,1,4,1,3,0,1
1,0.0,48,3,1,0,3,1,3
1,1.7782803158941651,54,3,1,1,3,1,3
0,2.0026342817333047,45,3,4,0,1,1,3
1,1.175622953692389,26,1,1,1,4,1,1
1,1.175622953692389,35,1,4,0,4,0,3
1,2.0026342817333047,27,1,1,1,3,2,2
1,2.0026342817333047,30,1,1,1,3,0,3
1,1.175622953692389,41,2,4,1,3,0,3
1,3.011520783697835,40,3,3,0,4,1,2
1,2.7854135759006455,56,4,3,1,4,0,3
0,2.1962544932649113,41,2,4,1,4,2,3
1,3.6868158612269606,44,4,4,1,1,1,3
1,2.0026342817333047,52,1,3,1,1,0,3
1,3.208905039432498,34,4,2,1,1,2,3
1,3.299058962746408,53,3,3,0,2,1,2
1,2.6584607585199937,33,1,1,1,1,0,3
1,1.175622953692389,58,1,1,1,3,2,3
0,2.7854135759006455,37,3,2,1,4,3,3
0,2.0026342817333047,25,2,1,0,3,1,3
1,1.7782803158941651,28,2,3,0,1,0,3
1,2.6584607585199937,34,3,4,1,4,1,3
1,0.7232926390247202,43,2,1,1,2,1,3
1,1.7782803158941651,50,4,3,1,3,0,3
1,2.1962544932649113,59,2,3,0,4,0,2
1,1.7782803158941651,38,1,4,1,3,3,4
0,4.111273222987809,50,5,2,1,3,1,2
1,0.0,42,2,2,1,1,2,4
1,2.0026342817333047,43,1,4,1,4,3,4
0,3.465430906320976,43,4,4,0,4,1,3
1,1.5103973736359457,34,1,4,1,2,0,3
1,2.7854135759006455,54,4,2,1,3,1,3
1,0.7232926390247202,36,2,2,0,3,0,3
1,2.3669439908983287,46,3,1,0,4,1,3
0,2.1962544932649113,27,2,4,0,4,2,4
0,1.175622953692389,39,1,4,1,1,0,3
1,2.7854135759006455,30,2,3,0,3,1,2
1,0.7232926390247202,38,3,4,0,2,0,3
0,1.175622953692389,31,1,2,1,4,1,3
1,0.7232926390247202,41,1,1,1,1,1,2
1,2.1962544932649113,26,1,3,1,1,0,3
1,3.7544477969121335,40,5,2,0,2,0,3
0,2.3669439908983287,28,2,3,0,4,1,2
0,2.0026342817333047,27,2,3,0,2,1,3
1,0.7232926390247202,49,5,1,1,3,1,2
1,2.1962544932649113,32,2,4,1,1,0,2
0,0.7232926390247202,59,1,3,1,1,3,4
1,2.6584607585199937,31,2,2,1,4,1,2
0,0.7232926390247202,36,1,2,1,1,1,2
1,2.1962544932649113,32,1,3,1,2,0,2
1,2.519827840831157,30,2,3,0,4,1,3
1,0.7232926390247202,36,1,1,1,4,1,3
0,2.7854135759006455,37,3,1,0,2,0,3
0,1.7782803158941651,40,3,3,1,4,0,3
0,0.7232926390247202,40,4,2,0,2,0,4
1,1.5103973736359457,59,5,3,2,4,1,2
1,2.7854135759006455,29,2,3,0,3,2,2
1,2.3669439908983287,31,2,1,0,4,2,4
1,2.519827840831157,38,2,1,1,3,1,2
0,2.1962544932649113,44,1,3,1,3,0,3
0,0.7232926390247202,25,1,3,0,2,3,2
1,1.7782803158941651,24,2,1,1,3,1,4
1,0.7232926390247202,41,2,3,1,1,2,3
0,0.7232926390247202,48,3,1,1,3,0,2
1,2.0026342817333047,28,1,3,1,4,1,3
1,1.175622953692389,42,1,2,1,3,1,3
0,0.7232926390247202,20,1,4,1,1,0,2
0,2.0026342817333047,37,2,4,1,1,1,3
1,1.5103973736359457,29,1,1,1,4,3,3
1,1.175622953692389,30,2,4,0,3,2,3
1,0.0,18,1,4,0,3,0,2
1,1.175622953692389,33,2,1,0,1,1,3
1,2.519827840831157,36,1,4,1,2,0,3
0,3.616294636986046,47,2,3,1,3,0,4
0,2.519827840831157,44,1,2,1,1,0,3
0,2.3669439908983287,35,2,3,0,1,3,3
0,2.0026342817333047,26,2,1,1,1,1,3
1,1.5103973736359457,40,1,3,1,3,1,3
1,2.7854135759006455,39,2,1,1,1,1,3
1,1.175622953692389,40,1,3,1,3,0,2
0,1.175622953692389,35,1,4,1,3,1,3
1,3.113310477988108,56,2,3,1,3,1,3
1,0.7232926390247202,48,1,4,1,2,0,4
1,1.175622953692389,28,1,3,1,3,1,3
1,2.0026342817333047,41,2,3,0,2,1,3
1,2.519827840831157,28,2,3,1,3,0,3
1,3.208905039432498,32,3,4,0,4,0,1
1,3.3843944556206687,35,3,3,1,2,0,3
1,3.113310477988108,32,2,4,0,3,1,2
1,2.1962544932649113,29,1,3,1,3,0,3
0,1.175622953692389,29,1,1,1,4,3,3
1,2.0026342817333047,28,1,4,1,4,0,3
0,2.0026342817333047,34,2,1,0,4,0,4
1,2.7854135759006455,30,3,2,0,4,1,3
1,1.175622953692389,29,1,3,1,2,0,2
1,0.7232926390247202,59,1,3,1,4,1,2
1,3.6868158612269606,51,4,1,0,3,1,3
1,2.0026342817333047,31,1,1,1,3,1,3
1,0.7232926390247202,37,1,4,1,4,0,4
1,2.3669439908983287,32,2,4,1,2,1,2
1,1.5103973736359457,35,1,2,1,1,1,3
1,3.819432397001403,40,4,3,1,2,1,2
1,4.536949798214283,55,5,3,0,4,1,2
0,2.0026342817333047,24,2,4,0,3,1,3
1,3.299058962746408,36,2,1,0,1,1,4
1,0.7232926390247202,35,2,3,1,2,0,2
1,0.7232926390247202,51,1,3,1,4,0,3
1,1.7782803158941651,30,1,3,2,4,1,2
0,3.616294636986046,39,4,3,1,2,2,2
1,3.5426065409642953,39,3,3,1,4,3,4
0,0.7232926390247202,36,2,4,1,2,1,3
1,2.0026342817333047,30,2,3,1,4,0,1
1,3.113310477988108,47,3,3,1,2,2,3
1,0.0,38,1,4,1,3,1,3
1,0.7232926390247202,26,1,1,1,3,0,1
1,1.5103973736359457,40,2,4,1,4,1,2
1,2.3669439908983287,47,2,4,0,1,0,3
1,1.7782803158941651,40,1,3,1,3,1,3
1,0.0,38,1,3,1,1,0,3
1,1.175622953692389,35,1,4,1,3,0,4
1,0.7232926390247202,36,1,2,1,4,0,4
1,0.7232926390247202,35,1,3,1,3,2,2
1,3.465430906320976,37,1,4,1,4,0,3
1,1.175622953692389,20,1,4,0,1,0,3
1,2.0026342817333047,29,1,3,1,2,1,3
1,4.450919504656609,52,4,3,0,1,0,2
1,1.175622953692389,38,1,3,1,4,0,3
1,1.5103973736359457,28,1,4,1,1,0,3
0,0.0,42,2,2,0,4,2,3
1,1.175622953692389,44,2,1,2,3,0,2
1,2.902608229699713,34,3,3,1,1,0,2
0,2.519827840831157,26,2,4,0,4,0,2
1,3.299058962746408,35,2,3,0,1,0,2
0,2.6584607585199937,46,2,1,0,4,0,3
1,2.1962544932649113,46,2,4,1,4,1,3
1,0.7232926390247202,43,3,3,0,4,1,2
1,2.0026342817333047,56,1,1,1,3,1,3
0,2.0026342817333047,35,1,1,1,4,0,2
1,3.6868158612269606,47,4,1,1,3,2,3
1,1.7782803158941651,54,2,4,1,3,0,3
1,1.7782803158941651,27,2,3,0,4,1,3
1,2.0026342817333047,32,2,2,0,4,1,3
1,2.519827840831157,45,2,2,0,3,0,1
1,1.7782803158941651,38,1,4,1,2,0,2
1,2.1962544932649113,27,2,4,0,4,0,1
1,2.0026342817333047,42,2,1,1,3,1,3
0,2.7854135759006455,35,1,4,1,2,1,3
0,1.5103973736359457,50,3,4,0,1,1,2
1,3.299058962746408,36,2,4,0,4,1,1
1,2.0026342817333047,31,2,4,1,4,0,3
0,1.5103973736359457,26,1,1,1,2,1,3
1,0.7232926390247202,31,1,2,0,3,0,1
1,1.175622953692389,22,2,4,1,4,2,2
1,2.519827840831157,34,3,4,1,2,0,2
0,0.7232926390247202,58,1,2,1,2,1,2
1,1.5103973736359457,29,1,2,1,4,0,2
1,1.7782803158941651,28,1,3,1,4,1,2
1,1.5103973736359457,21,1,3,0,3,0,3
1,2.6584607585199937,34,2,2,0,3,0,3
0,0.7232926390247202,38,2,2,0,4,0,3
1,1.5103973736359457,36,2,2,1,2,2,3
0,3.7544477969121335,39,3,4,1,1,0,3
1,2.7854135759006455,34,2,4,0,4,0,4
1,2.3669439908983287,32,1,2,1,2,0,3
1,0.7232926390247202,34,1,1,1,4,0,3
1,1.7782803158941651,42,2,4,2,1,1,4
1,0.7232926390247202,31,3,1,1,3,0,3
1,0.7232926390247202,19,1,2,1,4,0,2
1,1.7782803158941651,52,1,4,1,4,1,3
0,2.902608229699713,35,2,4,0,4,0,3
1,0.7232926390247202,57,4,1,0,4,1,2
1,2.7854135759006455,31,3,3,1,3,1,2
0,2.0026342817333047,42,2,3,1,4,1,4
0,3.3843944556206687,36,2,3,1,4,1,3
0,1.5103973736359457,42,1,3,2,3,1,3
1,2.902608229699713,35,2,2,0,3,0,3
1,1.175622953692389,25,1,4,1,2,0,3
0,0.7232926390247202,22,1,4,1,4,2,4
1,3.208905039432498,54,4,2,1,4,1,3
0,1.175622953692389,44,3,2,1,3,0,3
1,3.819432397001403,42,5,1,1,3,0,3
1,2.0026342817333047,28,2,4,0,1,0,3
0,2.7854135759006455,35,2,3,0,4,0,3
1,2.519827840831157,47,2,3,1,2,1,3
1,1.7782803158941651,23,1,3,1,4,2,3
1,2.0026342817333047,26,2,1,0,2,2,3
1,2.7854135759006455,33,3,4,1,2,2,3
1,1.175622953692389,33,1,2,0,4,0,2
1,2.3669439908983287,38,2,2,0,1,1,3
0,2.7854135759006455,42,3,4,1,1,1,3
0,2.0026342817333047,27,1,3,1,2,1,3
1,2.6584607585199937,52,4,4,1,4,1,3
1,2.6584607585199937,49,2,4,0,2,0,2
0,2.6584607585199937,41,3,3,0,3,1,3
1,3.5426065409642953,39,4,1,1,4,3,3
1,2.6584607585199937,30,1,4,1,1,0,2
1,2.0026342817333047,39,2,4,1,2,0,3
0,0.7232926390247202,41,1,2,1,4,1,3
1,2.0026342817333047,37,3,1,1,3,0,3
1,2.0026342817333047,28,2,2,1,1,1,1
0,2.0026342817333047,41,2,4,1,2,0,2
0,2.0026342817333047,43,2,3,1,3,0,3
1,1.7782803158941651,53,3,2,1,4,0,4
0,0.7232926390247202,37,2,3,1,2,0,3
0,0.7232926390247202,30,1,3,1,4,0,3
0,2.1962544932649113,31,2,3,1,1,0,3
1,2.0026342817333047,49,2,4,0,4,0,3
0,4.000503188858145,43,4,3,0,4,2,3
1,1.5103973736359457,23,1,3,1,2,0,3
0,2.7854135759006455,29,1,2,1,1,0,3
0,1.7782803158941651,29,1,3,1,4,0,2
1,1.175622953692389,24,1,1,2,4,1,3
1,2.0026342817333047,36,1,3,0,1,0,2
0,2.7854135759006455,44,2,1,2,4,0,3
0,2.519827840831157,50,5,2,1,3,1,3
1,1.7782803158941651,54,5,1,1,1,1,3
1,0.7232926390247202,37,3,1,1,3,2,3
1,2.6584607585199937,40,2,1,1,4,2,3
1,0.7232926390247202,42,1,3,1,2,1,2
1,2.0026342817333047,43,1,4,1,3,2,4
1,2.6584607585199937,36,2,3,1,2,1,3
1,0.7232926390247202,34,1,2,1,2,2,3
1,2.1962544932649113,29,2,2,0,3,1,3
1,2.0026342817333047,27,1,2,1,2,1,3
0,2.6584607585199937,35,3,3,2,4,0,3
0,1.175622953692389,40,2,4,1,4,0,3
1,2.519827840831157,34,2,2,1,3,2,3
1,2.7854135759006455,31,2,1,0,4,2,3
1,0.0,22,1,2,1,4,0,3
1,3.616294636986046,55,5,4,1,3,1,1
0,2.0026342817333047,55,4,3,1,4,0,3
1,1.7782803158941651,46,5,4,1,2,1,3
0,2.519827840831157,26,1,3,1,3,1,2
1,2.6584607585199937,42,2,2,1,2,1,3
0,2.0026342817333047,39,2,1,0,4,2,2
1,2.3669439908983287,46,1,4,2,1,0,3
1,2.6584607585199937,52,4,3,1,4,0,2
0,2.3669439908983287,25,1,4,1,4,1,3
1,2.0026342817333047,27,1,1,1,3,3,3
0,0.7232926390247202,58,1,4,1,4,1,2
1,2.519827840831157,40,2,3,1,2,1,4
1,1.7782803158941651,45,2,2,1,3,0,3
1,2.519827840831157,46,3,4,1,3,1,3
1,0.0,19,1,3,0,1,0,1
1,4.056788966787984,49,3,1,1,2,1,3
1,1.7782803158941651,32,1,3,0,2,1,3
1,0.7232926390247202,58,1,4,1,3,0,3
1,0.7232926390247202,38,1,1,0,1,0,2
1,2.3669439908983287,35,2,4,1,3,1,3
1,1.175622953692389,20,1,1,1,3,0,2
0,1.5103973736359457,31,1,3,1,1,0,2
1,2.7854135759006455,56,1,4,1,3,1,3
1,2.3669439908983287,31,2,4,0,4,3,3
1,2.7854135759006455,30,1,1,1,3,3,1
1,2.3669439908983287,54,2,4,1,4,1,3
1,2.7854135759006455,29,2,4,1,3,1,3
1,2.1962544932649113,27,1,3,1,4,0,3
0,2.0026342817333047,53,3,1,0,4,1,2
1,1.175622953692389,25,2,1,0,3,0,2
1,2.0026342817333047,26,1,3,1,2,0,2
1,2.0026342817333047,31,3,3,0,4,1,2
1,2.1962544932649113,36,2,2,1,2,0,2
1,1.175622953692389,35,1,4,1,4,1,2
0,2.519827840831157,55,2,3,1,2,2,3
1,3.616294636986046,40,4,1,1,1,1,3
1,2.7854135759006455,28,3,2,1,1,0,2
1,2.3669439908983287,30,3,1,1,3,0,3
1,2.0026342817333047,32,2,3,1,3,1,4
1,1.7782803158941651,38,2,1,1,1,1,2
1,2.1962544932649113,36,2,2,0,4,1,2
1,2.0026342817333047,29,1,4,1,3,1,3
1,3.9422834746530238,46,3,2,0,1,3,3
0,2.519827840831157,44,3,3,1,4,1,4
1,1.175622953692389,34,1,4,0,3,1,1
0,1.5103973736359457,37,1,3,2,1,0,3
1,2.0026342817333047,29,2,1,0,2,0,3
1,2.1962544932649113,54,2,4,0,1,1,3
1,0.7232926390247202,42,5,4,0,3,0,3
1,2.7854135759006455,45,2,4,1,4,2,3
0,1.175622953692389,44,1,3,2,4,3,3
1,0.7232926390247202,34,2,3,1,2,1,2
1,2.1962544932649113,34,2,2,0,3,0,3
1,3.299058962746408,38,3,4,1,1,1,3
1,1.7782803158941651,27,1,4,1,3,1,2
1,3.113310477988108,36,2,4,1,2,0,3
1,0.7232926390247202,40,2,2,1,3,1,2
1,1.7782803158941651,56,1,1,1,4,0,3
1,2.7854135759006455,32,2,4,1,3,1,3
0,2.0026342817333047,31,1,3,1,4,1,3
1,2.7854135759006455,33,1,4,1,1,1,4
1,2.0026342817333047,38,1,2,1,4,2,3
1,2.7854135759006455,32,2,4,0,4,0,3
0,2.0026342817333047,24,1,1,0,2,0,3
1,1.175622953692389,31,3,2,1,3,1,3
1,2.3669439908983287,26,2,3,0,1,0,2
1,2.3669439908983287,38,2,4,0,4,0,2
1,0.7232926390247202,35,1,4,0,3,1,3
1,1.5103973736359457,35,1,4,1,1,0,2
1,2.0026342817333047,35,2,2,0,1,1,3
1,2.0026342817333047,51,4,4,1,2,0,2
1,3.113310477988108,31,2,2,1,1,1,3
1,2.0026342817333047,24,1,1,1,4,0,2
1,0.7232926390247202,37,2,3,1,4,1,2
0,1.175622953692389,21,1,4,1,2,0,2
0,2.6584607585199937,39,2,4,1,4,1,3
1,2.6584607585199937,39,2,1,1,3,0,3
0,2.0026342817333047,30,1,1,1,3,0,3
1,3.6868158612269606,40,5,3,1,3,0,2
1,1.7782803158941651,26,1,1,1,4,0,2
0,1.175622953692389,28,1,3,1,3,0,3
0,0.0,30,2,3,1,4,0,2
0,1.175622953692389,30,2,4,0,3,1,3
1,2.0026342817333047,28,1,3,1,3,0,3
1,0.0,26,2,1,0,3,2,3
1,3.011520783697835,34,3,1,1,2,0,3
1,2.3669439908983287,28,2,2,0,4,0,3
1,3.819432397001403,41,5,4,2,3,1,2
1,1.7782803158941651,27,1,4,1,4,0,3
1,3.616294636986046,45,3,4,0,4,0,2
0,0.0,23,1,3,1,1,2,4
1,2.6584607585199937,31,2,2,1,1,0,3
1,2.0026342817333047,44,1,4,1,2,0,3
0,1.175622953692389,44,5,4,1,4,1,3
1,2.519827840831157,30,3,3,0,3,1,3
1,2.0026342817333047,49,3,2,1,3,0,2
0,3.616294636986046,55,4,1,0,3,0,4
0,2.7854135759006455,45,2,3,1,1,0,1
1,2.7854135759006455,28,2,3,1,1,1,3
1,2.0026342817333047,30,1,3,1,4,1,3
1,2.519827840831157,49,4,3,1,3,0,3
1,3.011520783697835,30,2,3,1,1,2,3
0,2.6584607585199937,31,2,4,1,4,2,3
0,1.5103973736359457,28,1,3,1,3,1,2
1,2.0026342817333047,47,2,1,1,4,3,3
1,2.0026342817333047,45,3,3,2,3,2,1
1,2.0026342817333047,41,1,3,1,1,2,3
0,2.6584607585199937,45,2,4,1,1,1,3
1,2.7854135759006455,29,2,2,0,4,0,3
1,0.7232926390247202,24,1,3,1,1,3,2
1,2.1962544932649113,32,2,4,1,1,1,3
0,3.465430906320976,35,3,4,1,3,1,2
1,3.7544477969121335,39,4,4,1,4,1,2
1,2.0026342817333047,33,2,3,0,3,0,3
0,0.7232926390247202,40,1,4,1,2,1,3
0,2.1962544932649113,41,2,2,0,4,0,3
1,3.7544477969121335,43,3,4,0,4,0,2
1,3.208905039432498,35,2,3,1,3,1,3
0,2.0026342817333047,38,3,4,1,3,1,2
0,0.7232926390247202,39,2,4,0,3,0,3
0,0.7232926390247202,20,1,4,1,4,0,2
1,2.7854135759006455,51,3,2,1,2,2,2
1,2.7854135759006455,29,1,2,1,4,1,3
1,1.175622953692389,33,1,3,1,4,1,2
1,1.7782803158941651,32,1,4,1,1,0,3
1,3.208905039432498,43,4,3,1,3,1,2
1,0.0,42,1,4,1,3,0,3
1,2.1962544932649113,38,1,3,1,2,1,2
1,2.7854135759006455,46,2,3,1,2,0,3
1,0.7232926390247202,46,2,3,1,3,0,3
1,1.5103973736359457,37,1,3,1,1,1,2
1,3.299058962746408,48,3,3,1,3,0,2
0,2.7854135759006455,32,1,2,1,1,0,1
1,2.902608229699713,29,3,4,0,1,1,2
1,2.0026342817333047,49,5,2,1,4,0,3
1,2.1962544932649113,36,1,2,1,4,0,3
1,2.0026342817333047,40,2,4,0,1,1,3
0,2.519827840831157,33,1,4,1,3,0,3
1,2.519827840831157,26,1,3,2,3,1,3
1,3.5426065409642953,40,3,2,1,3,0,3
1,2.519827840831157,26,2,3,0,3,1,3
1,1.175622953692389,31,1,4,0,2,1,3
1,2.0026342817333047,35,2,3,0,3,0,3
1,3.113310477988108,34,2,4,0,1,0,1
1,1.5103973736359457,41,2,2,1,2,0,4
0,1.175622953692389,31,1,3,1,2,0,2
1,0.7232926390247202,60,3,3,1,4,1,1
1,2.6584607585199937,37,1,1,0,4,1,3
1,2.519827840831157,27,2,2,0,2,1,3
0,0.7232926390247202,43,1,3,1,3,1,2
1,0.7232926390247202,45,1,2,1,3,0,2
1,1.5103973736359457,29,2,4,1,4,2,3
1,3.7544477969121335,59,3,1,0,1,0,3
1,2.0026342817333047,33,2,2,0,4,0,3
0,4.40627343557056,52,5,1,0,3,0,2
1,2.0026342817333047,43,2,4,1,4,1,3
0,2.0026342817333047,54,4,4,2,4,0,4
1,2.519827840831157,34,2,4,0,3,2,2
1,0.7232926390247202,24,1,4,2,3,1,1
0,2.0026342817333047,37,1,4,1,1,2,3
1,4.697415252723499,58,3,4,1,4,1,3
1,3.6868158612269606,54,4,4,1,4,0,3
1,1.175622953692389,48,4,3,1,4,1,2
1,2.0026342817333047,56,5,4,1,1,1,3
1,2.0026342817333047,33,2,2,1,4,0,2
1,3.299058962746408,39,2,4,0,3,1,2
0,2.6584607585199937,58,5,4,1,1,1,3
1,2.1962544932649113,33,2,4,0,4,2,3
1,0.7232926390247202,30,1,4,1,3,1,3
1,3.208905039432498,53,2,4,0,1,0,3
0,1.5103973736359457,45,1,1,1,3,1,3
0,2.519827840831157,52,3,2,0,2,0,3
0,1.5103973736359457,44,1,1,1,4,1,4
0,1.175622953692389,28,1,4,1,4,1,2
0,2.1962544932649113,27,2,2,1,2,1,4
1,1.175622953692389,45,1,1,1,4,2,3
0,3.3843944556206687,37,3,3,1,4,1,4
0,1.5103973736359457,21,1,1,0,2,0,2
1,3.465430906320976,45,2,2,1,2,1,3
0,2.3669439908983287,29,2,4,0,2,2,2
1,2.6584607585199937,36,2,2,1,2,1,3
0,1.175622953692389,29,1,1,2,1,3,2
0,2.519827840831157,28,2,2,0,2,0,3
1,2.7854135759006455,31,2,4,1,1,0,1
0,2.0026342817333047,53,4,3,1,3,3,3
1,2.3669439908983287,30,2,3,1,3,1,4
1,1.5103973736359457,22,1,4,1,3,0,3
1,3.113310477988108,46,4,3,0,2,1,3
0,3.7544477969121335,39,5,2,1,3,1,3
0,2.7854135759006455,52,2,4,1,1,2,3
1,0.7232926390247202,45,2,1,0,1,2,3
1,2.0026342817333047,53,4,3,1,3,0,4
1,0.7232926390247202,31,1,1,1,2,0,2
0,2.1962544932649113,29,2,3,1,4,2,3
0,0.0,33,3,1,0,1,0,3
1,1.7782803158941651,23,1,2,1,1,1,3
1,1.5103973736359457,28,1,3,1,1,1,3
1,1.5103973736359457,47,4,2,0,2,3,4
1,2.7854135759006455,35,2,2,1,3,2,4
0,1.5103973736359457,50,4,4,1,1,0,3
0,2.0026342817333047,57,3,3,1,4,1,4
0,2.3669439908983287,29,1,2,1,1,0,1
1,2.3669439908983287,37,2,1,1,3,1,2
1,0.7232926390247202,26,1,1,1,4,0,3
1,0.0,56,2,4,0,1,1,2
1,1.175622953692389,31,1,1,0,3,1,3
1,2.519827840831157,39,1,3,1,3,1,3
1,3.208905039432498,37,2,4,1,4,1,2
1,2.3669439908983287,27,1,4,1,1,1,2
1,2.6584607585199937,34,2,3,1,4,1,4
1,2.0026342817333047,26,2,3,0,4,0,3
1,1.5103973736359457,30,1,4,0,2,0,3
1,1.5103973736359457,27,1,1,1,3,3,1
1,2.3669439908983287,36,1,3,1,3,1,1
0,2.0026342817333047,34,1,4,1,1,1,1
1,2.0026342817333047,28,1,1,1,2,0,2
1,1.7782803158941651,49,2,1,1,1,0,2
1,0.7232926390247202,24,1,3,1,2,3,2
1,2.6584607585199937,30,2,1,1,4,1,2
1,0.7232926390247202,42,4,1,1,4,0,3
1,2.3669439908983287,26,1,3,1,1,0,3
0,1.7782803158941651,41,1,2,1,3,0,4
0,0.7232926390247202,26,1,3,1,4,0,1
0,3.6868158612269606,38,2,4,1,2,1,2
1,4.313409265734292,50,4,1,1,1,1,3
1,1.7782803158941651,26,2,4,0,1,0,2
1,3.113310477988108,35,3,4,1,2,0,2
0,4.313409265734292,58,5,4,1,2,0,3
1,2.0026342817333047,54,3,4,1,3,1,3
1,1.175622953692389,24,1,4,0,4,2,3
1,0.7232926390247202,28,1,1,1,2,2,2
1,3.6868158612269606,42,2,2,0,3,0,3
0,2.3669439908983287,29,1,2,1,3,2,3
1,1.5103973736359457,30,1,2,1,2,0,3
0,2.1962544932649113,33,2,3,1,2,1,4
1,2.1962544932649113,37,2,3,1,4,2,2
1,3.616294636986046,41,2,3,0,2,0,1
1,2.0026342817333047,31,2,4,0,1,0,3
0,1.5103973736359457,45,3,2,1,4,2,3
1,1.175622953692389,20,1,3,0,3,0,3
1,2.1962544932649113,33,4,1,1,3,1,4
1,3.9422834746530238,42,5,2,1,4,1,3
1,2.3669439908983287,41,4,4,1,1,1,2
1,1.175622953692389,22,1,3,1,4,2,3
1,4.40627343557056,53,3,3,1,4,1,2
0,3.011520783697835,44,4,4,0,4,1,4
1,1.175622953692389,34,2,2,1,4,1,3
0,2.0026342817333047,29,1,2,1,4,1,1
0,1.5103973736359457,31,1,4,0,2,0,3
1,1.5103973736359457,41,2,3,2,2,1,1
1,0.7232926390247202,37,2,4,0,3,2,2
1,2.0026342817333047,34,1,3,1,4,0,2
0,0.7232926390247202,27,1,3,1,3,1,2
0,2.519827840831157,50,5,1,1,2,0,3
1,2.6584607585199937,40,3,4,1,2,1,2
1,2.0026342817333047,44,2,4,1,2,0,3
1,3.7544477969121335,45,4,4,1,2,0,2
1,1.5103973736359457,47,5,4,1,3,1,3
1,0.7232926390247202,30,1,2,0,1,1,2
1,1.175622953692389,22,1,1,1,3,0,3
1,1.5103973736359457,39,2,1,0,3,1,1
0,2.7854135759006455,46,3,3,1,1,1,2
1,2.6584607585199937,28,3,4,1,2,3,3
0,1.5103973736359457,46,3,3,0,4,1,2
1,2.1962544932649113,38,2,3,2,3,0,3
1,2.6584607585199937,27,3,4,0,3,0,3
0,0.0,22,1,3,1,4,1,2
1,1.175622953692389,46,2,2,0,2,0,2
1,1.7782803158941651,40,1,2,1,2,1,3
1,2.7854135759006455,33,4,4,0,3,0,3
0,1.7782803158941651,44,1,2,1,4,0,3
0,2.7854135759006455,55,5,3,2,2,1,4
1,1.175622953692389,38,1,3,1,3,1,3
1,1.7782803158941651,25,2,3,0,4,0,3
1,1.175622953692389,53,2,4,1,4,0,3
1,2.6584607585199937,33,2,4,1,3,3,3
0,0.7232926390247202,36,1,4,1,3,1,2
0,2.7854135759006455,33,1,1,1,1,0,3
1,3.113310477988108,33,2,3,1,4,1,3
1,2.1962544932649113,37,2,4,1,4,2,3
1,1.5103973736359457,33,1,3,1,2,0,2
1,2.0026342817333047,30,1,2,1,4,0,2
1,3.011520783697835,57,2,2,1,3,1,4
0,4.265050225608778,50,4,2,1,3,1,3
1,0.0,34,1,3,1,4,3,2
1,3.465430906320976,35,2,2,1,4,0,1
1,2.519827840831157,45,2,3,0,3,2,3
1,1.5103973736359457,33,1,3,1,4,0,3
1,2.0026342817333047,48,4,1,1,4,0,4
1,2.519827840831157,38,2,1,0,4,0,2
1,0.7232926390247202,21,1,2,0,2,0,3
1,3.819432397001403,48,4,4,1,4,1,3
1,3.299058962746408,49,2,3,1,1,0,3
1,2.3669439908983287,51,4,4,1,2,0,3
1,1.7782803158941651,51,3,1,1,4,0,1
1,0.7232926390247202,28,1,2,0,2,1,3
1,2.7854135759006455,54,4,4,1,4,0,3
1,2.0026342817333047,42,2,3,1,3,1,3
0,1.5103973736359457,49,5,3,1,1,0,3
0,1.5103973736359457,50,1,1,0,3,0,2
1,1.7782803158941651,37,2,4,1,2,0,3
1,1.175622953692389,59,1,2,2,3,0,3
0,1.5103973736359457,29,1,2,0,3,3,2
1,0.7232926390247202,39,2,4,0,4,1,3
1,2.0026342817333047,38,2,3,1,2,2,3
1,1.7782803158941651,35,1,3,1,4,1,1
1,0.0,28,1,3,1,1,0,2
1,1.7782803158941651,30,2,3,0,1,3,3
0,2.902608229699713,38,3,3,1,4,1,2
1,2.3669439908983287,31,1,4,1,3,0,3
1,2.3669439908983287,38,2,4,1,4,1,3
1,1.5103973736359457,46,4,1,1,3,0,3
1,2.0026342817333047,41,2,3,0,2,1,2
1,1.175622953692389,20,1,3,0,4,0,4
0,2.519827840831157,30,3,2,1,1,3,4
1,2.6584607585199937,59,3,4,1,4,0,3
1,2.902608229699713,35,3,3,0,2,2,3
1,2.7854135759006455,32,2,2,1,2,2,3
0,2.519827840831157,38,3,3,0,3,2,2
0,1.175622953692389,42,1,3,1,3,0,4
1,2.519827840831157,39,2,1,1,3,0,3
1,1.175622953692389,44,2,2,1,1,1,4
1,3.819432397001403,48,5,4,1,2,0,2
1,0.7232926390247202,30,1,2,0,4,0,3
1,2.6584607585199937,49,4,4,0,2,1,2
1,0.7232926390247202,21,1,4,1,4,0,3
1,1.7782803158941651,32,3,4,0,3,1,1
1,2.3669439908983287,29,2,4,1,3,2,1
1,2.0026342817333047,30,1,2,1,4,1,2
1,3.113310477988108,35,3,4,0,1,0,2
1,2.3669439908983287,27,2,4,0,3,0,3
1,1.5103973736359457,31,1,4,2,2,0,4
1,2.0026342817333047,55,1,2,1,4,1,2
1,2.7854135759006455,33,2,2,0,3,0,3
1,0.0,18,1,2,1,4,0,3
1,3.465430906320976,53,4,3,0,3,1,3
1,2.1962544932649113,37,1,3,1,3,0,4
0,2.0026342817333047,54,2,3,1,1,0,3
0,2.0026342817333047,33,1,3,1,4,1,3
0,2.519827840831157,29,3,3,1,4,0,3
1,3.011520783697835,40,2,2,1,3,3,4
1,0.7232926390247202,45,3,2,1,1,1,3
1,1.7782803158941651,34,1,2,1,1,0,3
1,2.1962544932649113,30,2,3,0,1,0,2
1,2.519827840831157,43,3,3,1,1,1,3
1,1.175622953692389,48,2,1,1,3,0,2
0,0.0,18,1,2,0,4,0,3
0,2.6584607585199937,34,2,1,1,3,0,1
1,2.6584607585199937,41,1,1,1,3,1,3
1,3.6868158612269606,42,2,4,1,3,0,2
1,2.519827840831157,36,1,2,1,4,0,3
1,1.5103973736359457,21,1,4,1,3,0,2
1,0.7232926390247202,27,1,4,1,1,1,3
1,1.5103973736359457,33,2,1,0,1,0,3
0,1.175622953692389,32,2,3,0,2,0,2
1,1.175622953692389,24,2,1,0,3,0,3
1,1.175622953692389,38,2,4,1,4,1,3
1,1.7782803158941651,32,2,4,0,3,0,4
1,2.3669439908983287,33,2,3,0,2,1,3
1,2.0026342817333047,36,2,3,1,4,1,4
0,2.0026342817333047,34,1,4,1,4,3,4
1,2.7854135759006455,44,3,1,1,4,1,3
0,1.5103973736359457,33,1,3,1,1,0,2
1,2.1962544932649113,30,1,2,1,2,1,2
0,2.902608229699713,30,1,4,1,2,1,3
1,2.3669439908983287,56,5,4,2,2,0,3
1,3.208905039432498,53,5,3,1,3,1,3
1,0.7232926390247202,35,1,3,1,4,1,2
1,0.7232926390247202,19,1,2,1,2,0,3
0,0.7232926390247202,42,2,2,1,2,0,4
1,1.7782803158941651,49,4,1,1,2,2,3
1,2.6584607585199937,45,2,3,1,2,0,3
1,2.519827840831157,26,1,1,1,4,1,4
0,2.6584607585199937,27,1,1,1,1,2,3
1,1.175622953692389,28,1,3,1,3,0,3
1,2.1962544932649113,47,1,1,1,4,1,3
0,2.902608229699713,30,2,3,2,4,0,3
1,4.3604591545071685,52,5,1,0,4,1,1
1,1.7782803158941651,39,3,3,1,3,0,3
1,2.3669439908983287,26,1,3,1,1,0,4
0,1.5103973736359457,28,1,1,1,4,0,1
0,1.7782803158941651,31,1,3,1,4,1,3
1,2.0026342817333047,38,1,4,1,3,1,2
0,2.1962544932649113,31,2,2,0,4,0,3
1,2.6584607585199937,49,3,3,0,4,2,3
1,2.6584607585199937,53,4,4,1,2,0,4
1,0.0,18,1,3,1,3,0,3
1,1.5103973736359457,43,1,1,1,3,0,3
0,1.5103973736359457,29,2,4,1,3,0,4
1,2.902608229699713,32,2,2,0,3,0,3
0,0.7232926390247202,22,1,4,1,2,0,3
1,1.5103973736359457,32,1,4,1,4,1,3
1,2.3669439908983287,40,2,2,1,1,1,3
0,0.7232926390247202,44,1,4,1,3,1,3
1,2.7854135759006455,42,2,3,1,4,2,3
1,2.6584607585199937,48,2,2,0,4,1,3
1,3.299058962746408,34,2,2,1,4,1,2
0,2.1962544932649113,33,2,3,0,4,1,3
0,2.0026342817333047,37,3,1,1,4,2,3
1,2.519827840831157,52,3,2,1,2,0,3
1,1.175622953692389,21,1,3,1,4,0,3
1,2.3669439908983287,26,1,4,1,4,0,3
1,2.7854135759006455,30,1,4,1,3,0,2
1,0.7232926390247202,29,1,3,1,3,2,4
1,2.7854135759006455,38,3,1,1,2,1,2
1,1.175622953692389,46,5,4,1,4,2,3
0,2.6584607585199937,29,2,4,1,3,0,2
1,2.7854135759006455,33,2,2,0,3,1,3
0,2.0026342817333047,47,2,3,0,3,1,3
1,0.0,23,1,3,0,1,1,3
0,3.3843944556206687,46,2,4,1,1,3,2
0,0.0,24,1,2,1,1,0,3
0,2.7854135759006455,35,2,3,1,3,2,3
1,1.7782803158941651,23,2,1,1,3,0,3
0,1.5103973736359457,55,2,4,1,3,0,3
1,2.1962544932649113,30,2,3,1,1,1,3
0,2.7854135759006455,33,1,4,1,4,0,3
1,1.7782803158941651,46,3,4,1,1,1,3
1,2.0026342817333047,29,2,3,0,3,0,2
1,1.5103973736359457,27,2,1,1,4,1,3
1,2.7854135759006455,29,1,3,1,3,1,4
1,3.6868158612269606,51,5,1,1,3,0,3
1,1.7782803158941651,22,1,2,1,1,1,1
0,2.519827840831157,30,2,3,1,3,0,3
1,4.578443695196868,58,4,4,0,3,0,3
1,1.175622953692389,36,1,4,1,3,1,3
1,1.5103973736359457,43,1,2,1,3,0,4
1,0.0,21,1,3,1,4,0,3
1,1.7782803158941651,26,1,4,0,3,0,2
1,1.175622953692389,29,1,4,0,2,2,3
1,0.7232926390247202,21,1,3,0,2,0,4
1,1.175622953692389,22,1,1,1,2,1,3
0,2.3669439908983287,49,2,4,1,4,2,3
0,1.5103973736359457,34,2,3,0,1,0,3
0,2.1962544932649113,40,2,3,0,3,2,2
1,2.6584607585199937,35,2,4,1,4,1,2
1,2.0026342817333047,40,2,4,0,2,2,3
1,2.0026342817333047,39,2,3,1,2,0,3
1,2.3669439908983287,43,2,1,0,4,1,3
0,2.6584607585199937,42,1,4,1,1,1,2
1,3.8819818846373333,45,3,3,1,3,1,2
1,2.6584607585199937,38,2,3,0,2,1,3
1,2.0026342817333047,32,1,3,1,3,0,3
1,0.7232926390247202,29,1,4,2,2,0,2
1,0.0,34,2,2,1,1,1,3
1,2.0026342817333047,27,1,4,1,2,1,3
0,0.7232926390247202,19,1,2,1,4,0,4
0,2.6584607585199937,47,2,4,0,4,0,3
0,2.519827840831157,35,3,4,0,1,0,3
0,3.6868158612269606,42,4,3,1,3,0,3
1,2.3669439908983287,30,3,3,0,1,1,2
0,1.175622953692389,35,2,1,0,4,2,1
0,2.6584607585199937,48,1,4,0,3,2,3
1,2.1962544932649113,28,1,4,1,1,3,2
1,0.0,18,1,4,1,4,0,3
1,2.7854135759006455,39,2,3,1,3,1,2
1,3.208905039432498,32,3,3,0,4,2,3
1,1.5103973736359457,49,2,3,1,1,1,2
1,2.7854135759006455,34,2,3,0,1,0,3
1,2.6584607585199937,55,4,3,1,1,0,2
1,2.7854135759006455,30,2,4,1,4,2,3
0,2.3669439908983287,40,2,3,1,4,1,3
1,2.0026342817333047,34,2,1,1,2,0,3
1,2.0026342817333047,36,1,1,2,1,0,2
0,2.6584607585199937,33,3,4,0,3,2,4
1,2.519827840831157,35,3,3,1,3,0,3
0,3.113310477988108,37,2,2,1,3,2,3
0,2.7854135759006455,51,2,3,0,4,0,3
1,2.7854135759006455,30,2,2,0,1,1,2
1,2.0026342817333047,35,1,4,1,3,0,1
0,2.7854135759006455,51,1,1,1,3,3,3
1,2.7854135759006455,45,2,1,0,1,1,2
1,2.519827840831157,36,2,3,1,2,0,3
0,1.175622953692389,35,1,3,1,1,1,3
0,1.5103973736359457,35,2,4,1,2,0,2
1,3.7544477969121335,40,5,1,1,3,1,3
0,3.113310477988108,35,3,3,0,4,1,2
1,2.3669439908983287,39,2,1,1,4,0,3
1,2.0026342817333047,33,1,1,1,2,0,2
1,2.0026342817333047,42,1,2,1,1,1,3
0,1.7782803158941651,40,2,2,0,4,3,1
1,2.0026342817333047,37,2,3,0,4,1,3
1,2.519827840831157,32,1,4,1,3,0,3
1,2.6584607585199937,29,1,1,1,1,0,2
0,1.7782803158941651,42,2,4,1,1,1,3
1,1.175622953692389,22,1,3,1,4,1,3
1,1.5103973736359457,33,2,4,0,2,1,3
1,3.819432397001403,44,3,1,1,4,1,2
1,1.7782803158941651,55,1,1,1,2,1,2
0,2.3669439908983287,36,3,3,1,1,1,1
1,2.6584607585199937,54,3,3,2,2,1,3
1,2.3669439908983287,31,1,2,0,3,0,2
1,2.7854135759006455,35,3,3,0,2,2,3
1,3.9422834746530238,45,5,3,1,4,1,4
1,2.0026342817333047,50,4,4,1,4,1,3
1,2.0026342817333047,44,1,1,1,3,0,1
0,3.819432397001403,47,4,4,0,3,2,3
1,1.7782803158941651,49,1,3,1,1,1,3
1,1.5103973736359457,29,1,3,0,4,1,3
1,2.902608229699713,38,1,1,2,2,3,3
1,0.7232926390247202,31,1,4,2,1,0,4
1,2.6584607585199937,30,3,3,0,1,0,3
1,0.7232926390247202,23,1,4,1,3,1,3
0,1.7782803158941651,40,1,1,1,1,0,3
1,1.7782803158941651,28,2,1,0,4,0,3
1,0.7232926390247202,26,1,1,1,3,1,3
1,3.6868158612269606,41,4,1,1,2,1,2
0,2.0026342817333047,23,1,4,1,3,0,2
1,1.5103973736359457,44,2,2,1,2,1,3
1,0.7232926390247202,32,1,3,0,1,3,3
1,3.6868158612269606,40,4,2,1,3,0,3
1,2.6584607585199937,45,4,4,0,4,1,3
0,3.616294636986046,56,4,4,1,2,1,3
1,2.0026342817333047,37,3,3,0,4,0,3
1,0.7232926390247202,21,1,3,1,1,0,2
1,0.7232926390247202,31,1,3,1,2,0,3
0,0.7232926390247202,40,2,3,1,4,1,2
1,2.6584607585199937,27,3,4,1,1,2,3
1,1.7782803158941651,43,2,1,0,3,0,1
0,2.0026342817333047,45,2,3,0,1,1,3
1,1.7782803158941651,51,1,4,1,4,2,3
1,2.519827840831157,39,2,3,2,2,1,4
1,2.519827840831157,39,3,1,0,3,0,4
0,3.7544477969121335,39,4,3,1,1,0,3
1,2.0026342817333047,41,1,4,1,4,1,3
1,3.208905039432498,32,2,3,1,3,1,2
1,2.519827840831157,40,2,1,0,1,0,3
1,2.0026342817333047,36,1,3,2,2,1,3
0,2.519827840831157,38,2,1,0,1,1,4
1,2.7854135759006455,31,3,3,1,2,0,4
1,2.0026342817333047,36,1,1,1,2,0,4
0,0.7232926390247202,34,1,3,0,3,1,3
1,2.0026342817333047,35,1,3,2,3,0,3
0,2.7854135759006455,43,2,4,0,4,1,3
0,0.7232926390247202,38,1,4,1,3,1,3
1,0.7232926390247202,40,3,1,0,2,1,2
0,1.5103973736359457,31,1,4,0,2,0,2
0,4.189712863544799,57,4,3,0,2,0,3
0,0.8678761133326283,32,2,2,0,1,0,2
0,0.6499503912033154,31,2,1,0,2,0,1
0,2.6584607585199937,48,1,3,0,3,2,3
1,2.709955913502771,35,2,3,0,1,0,2
1,0.7232926390247202,20,1,1,0,1,0,3
0,1.9374293904464928,46,3,1,0,3,0,2
0,1.8950582645020813,33,3,2,1,1,1,3
0,0.7726564131192086,28,1,1,0,2,2,2
0,1.7093718529587514,26,1,2,0,1,1,3
0,1.2116938579344976,30,1,1,0,3,0,3
0,1.175622953692389,31,2,2,0,2,0,1
0,3.727574268875287,55,3,1,0,3,0,3
1,1.175622953692389,29,1,2,0,2,0,1
0,2.482899406345292,25,1,3,1,3,1,2
0,2.28941159844576,51,2,1,0,2,0,2
1,0.7232926390247202,26,1,1,1,3,0,1
0,1.3364772284740893,33,1,1,1,1,0,2
1,0.7232926390247202,21,1,2,0,2,0,3
0,0.27863938911404784,19,1,3,0,1,0,1
0,0.0,23,1,2,1,1,0,3
0,0.3025770721430277,49,1,4,0,3,0,3
0,2.8615055945369026,35,2,1,0,3,0,1
0,2.385760334573543,51,2,1,0,2,0,2
0,0.7232926390247202,21,1,4,1,1,0,2
1,3.5537396859570567,52,3,2,1,4,0,1
0,1.6678563123427703,25,1,1,0,2,0,3
0,1.7410533679821336,22,1,4,1,2,0,2
0,1.7759696668795337,29,1,2,0,1,0,1
1,1.6989220332757013,33,1,1,0,1,0,3
1,0.7232926390247202,26,1,1,1,2,0,2
1,0.7232926390247202,31,3,1,0,3,1,3
0,0.7232926390247202,20,1,4,1,4,0,2
1,0.9744993738835839,20,1,2,0,2,0,2
0,0.7232926390247202,21,1,3,1,1,0,2
1,1.1550346167312295,30,1,1,1,2,0,3
1,3.36920094851675,37,3,1,0,3,1,2
0,0.7232926390247202,43,1,3,1,3,1,2
0,3.650118304357723,44,2,2,1,1,0,2
0,2.7854135759006455,34,1,3,0,4,0,3
0,0.7232926390247202,20,1,4,1,4,0,2
1,1.7000363864134145,33,1,1,0,1,0,3
0,1.7677576812880198,58,2,4,1,2,0,3
0,1.368679677595913,35,1,2,1,1,1,2
0,1.0694266937166939,40,1,1,1,1,0,2
1,0.9257176336648303,30,1,2,0,2,0,1
0,0.0,18,1,3,0,2,0,3
1,1.212615073801099,44,1,1,0,1,0,3
0,0.9295708222230081,35,1,4,1,2,1,2
0,2.0026342817333047,35,1,3,0,1,0,1
0,1.9099658767237229,30,1,1,0,3,0,3
0,2.0026342817333047,29,1,1,0,2,0,3
1,1.7782803158941651,49,2,1,1,1,0,1
0,0.7904537791666104,28,1,2,1,1,3,2
0,0.8403115417725789,20,1,4,0,3,0,3
1,4.396399138020283,52,3,2,0,4,1,1
0,1.5251114300193378,34,1,3,0,2,1,1
0,1.7782803158941651,29,1,3,1,4,0,2
0,1.0521327514630425,35,2,1,0,3,1,1
0,2.527775474339339,35,2,4,0,1,0,3
0,0.7652013911240075,29,1,2,1,1,0,1
0,1.47291727005813,31,1,3,0,2,0,2
0,2.108790911124394,34,1,4,1,1,1,1
0,2.265748344643933,34,1,4,1,1,1,2
0,0.8342106756622275,43,1,2,0,3,0,1
0,1.9687028757225062,39,2,4,0,2,0,2
1,2.248151700018583,29,1,1,0,1,0,2
0,0.23835581697463137,23,1,3,1,1,1,3
1,1.1369698002428659,19,1,3,0,2,0,1
0,0.7232926390247202,20,1,4,1,3,0,3
0,2.6448030574706323,47,1,3,0,2,2,3
1,2.0583499110067343,26,1,3,0,1,0,3
1,1.4733155231693669,29,1,2,1,2,0,2
0,1.7800299336886312,46,2,1,0,1,1,3
0,2.5717309091248755,32,2,1,0,3,0,3
0,2.857274155357311,35,1,4,0,3,0,3
0,2.0026342817333047,29,1,1,0,2,0,3
0,2.5274932040808444,46,2,3,0,2,2,3
0,2.588196983417705,33,1,1,0,1,0,3
0,0.8693435841498198,39,1,4,0,2,0,3
1,2.5180000515073377,31,1,3,1,2,0,3
1,0.32666691988613294,28,1,3,0,1,0,2
0,1.4191100410245854,25,1,1,1,1,1,3
0,2.1675466874087834,40,2,3,0,2,1,2
0,1.3972927663520913,29,1,1,0,3,3,2
0,1.108303218855841,34,1,1,1,1,0,3
1,0.7232926390247202,31,2,1,1,2,0,2
0,2.2406569496488347,53,4,3,0,1,0,3
0,0.7425982695155043,31,1,4,0,2,0,3
0,2.7145656390565245,49,2,2,0,3,2,3
0,1.0075567080495549,26,1,1,1,3,0,1
0,0.9482321889298952,29,1,1,1,1,1,2
0,0.7232926390247202,39,2,4,0,3,0,3
0,1.058211715059747,31,1,4,1,1,0,3
0,1.287402413873949,29,1,2,1,1,0,1
0,2.781851734341939,31,3,2,1,2,0,3
0,4.331433966649351,53,3,3,1,3,1,2
0,0.9665916512424767,23,1,3,0,2,1,3
0,1.2578414380222567,38,1,3,1,1,0,3
0,1.9992352791055428,29,2,3,1,4,0,3
1,1.7372823858356812,30,1,2,1,2,0,2
0,2.0026342817333047,35,1,3,0,1,0,1
1,0.9997264265314475,21,1,1,0,2,0,2
0,0.7232926390247202,20,1,3,0,2,0,3
1,3.0947261769523253,36,1,3,1,1,0,3
0,0.7232926390247202,21,1,3,0,2,0,3
0,0.9802558553632088,31,2,1,0,2,0,1
0,0.7232926390247202,28,1,1,1,1,1,2
0,1.2701603548998737,26,1,1,1,3,1,3
0,2.529999203478214,33,2,1,1,3,0,1
0,0.47563622965410635,50,1,3,0,3,0,2
1,1.0166733159423034,31,1,3,1,2,0,3
0,2.184091438767727,29,1,3,1,3,0,2
0,2.502740557875945,45,1,4,1,2,1,3
0,2.3717791215440074,41,2,1,0,2,0,3
0,2.515246359770874,26,1,4,1,2,0,3
1,2.8577106189551893,29,2,3,0,1,1,2
1,0.7232926390247202,27,1,1,1,2,1,2
1,4.385152739118603,52,3,2,0,4,1,1
1,3.2666940593693963,37,3,1,0,3,0,2
1,2.5134689676043127,44,1,1,1,1,0,2
1,2.9286891264388832,37,2,1,0,2,0,1
0,0.8176610943957193,21,1,1,0,2,0,2
0,2.2596233136687363,33,1,1,0,1,0,3
0,1.7753195482177953,34,2,1,0,3,1,1
0,0.822633938178699,22,1,3,0,4,1,2
0,1.0210599488591787,26,1,1,1,2,1,3
1,2.0595908767717077,42,2,1,0,2,0,1
1,2.23941697197115,43,2,1,0,3,0,1
0,2.631239431280753,32,1,4,1,3,0,2
1,1.8703640243769097,29,1,3,1,2,0,2
0,1.0457502077076408,28,1,1,1,1,2,2
0,0.031084519991512048,22,1,3,0,1,1,4
1,3.111154761757737,31,2,4,0,3,0,1
1,0.7232926390247202,26,1,1,1,3,0,2
0,1.0323748524240186,22,1,3,0,4,1,2
0,2.1956166139346176,33,2,1,0,4,0,3
0,0.921059085988988,33,1,4,0,3,0,2
0,1.8828293451409883,30,1,4,1,1,0,3
1,1.6041790813326773,28,1,3,1,3,0,3
0,2.9606768658654277,53,3,1,0,2,0,3
0,2.188969823148167,33,2,1,0,4,0,3
0,1.738996328044971,27,1,3,1,3,0,3
0,0.9099104015436567,36,1,3,0,2,0,2
0,1.2879836199834154,21,1,1,0,2,0,2
0,0.8926776897081647,28,1,1,1,2,2,2
0,3.3611340941406085,45,3,1,1,1,1,2
0,0.06437739354361471,19,1,4,0,3,0,2
1,2.6630394560566932,43,2,1,0,3,0,2
1,1.447200973459176,38,2,3,0,2,1,3
0,2.264109214105521,48,2,1,1,1,0,2
0,0.3799687773018655,23,1,3,1,3,1,1
1,0.13334810847209003,28,1,3,0,1,0,2
0,0.9199480580535888,34,1,1,1,1,0,2
1,3.149002547508792,35,1,2,1,1,0,3
0,2.1962544932649113,40,2,2,0,3,1,2
0,2.0383359575565665,51,3,2,0,1,0,2
0,1.9763924807589743,30,1,3,0,1,0,2
0,2.7804239637298505,31,1,1,0,4,0,3
0,1.4874471628701758,29,1,3,0,1,0,3
1,0.7232926390247202,21,1,2,0,2,0,3
1,1.1818054658182493,31,1,3,1,3,0,3
0,1.9959534253412947,33,1,1,0,1,0,3
0,1.0027015653814342,50,1,2,0,3,0,2
0,2.1809143659638743,30,1,1,0,4,0,3
0,2.1574599108672703,39,2,3,0,2,2,2
1,1.1420157845963161,20,1,1,1,3,0,2
0,2.290503312408988,29,2,3,1,4,0,2
0,2.2111760513365577,26,1,3,1,2,0,2
0,3.4654981304129144,56,5,4,1,1,0,3
0,2.2467954498481775,44,1,3,1,2,0,3
0,2.2338334613991524,37,1,3,1,1,0,3
0,2.028784902309355,34,1,4,1,1,1,1
1,0.9078069212342643,25,1,1,0,3,0,3
1,1.9587552658193794,26,1,3,0,1,0,3
0,2.8826125296007925,35,2,1,0,3,0,1
0,0.25641161916833277,22,1,3,0,1,1,4
1,1.525679389599698,29,1,3,1,2,0,2
1,2.9993036607085086,35,2,4,0,1,0,2
0,2.58807047839192,35,2,4,0,1,0,3
1,0.47350184765610087,19,1,3,0,1,0,1
0,0.7786245284155366,42,1,2,0,3,0,2
0,0.0,18,1,2,0,2,0,3
0,2.1875086329936853,40,1,1,0,1,0,3
0,2.7365957216095183,34,1,4,1,1,1,2
0,2.0214774582473987,29,1,3,1,4,0,2
0,1.8504402136699172,37,1,3,1,1,0,3
1,0.9784360486273849,31,1,3,1,2,0,3
0,1.5472862881400655,26,1,1,1,2,1,3
0,2.5871797610646823,35,3,4,0,1,0,2
0,1.2961243546505137,43,1,1,1,1,0,2
0,1.2250756580622524,34,1,1,0,4,2,1
0,0.5535145801234314,19,1,4,0,3,0,3
0,1.1935597740288737,30,1,1,1,3,0,3
1,1.113540007121243,19,1,2,0,3,0,2
0,1.3052553159493527,20,1,1,0,1,0,2
1,0.0,18,1,3,1,3,0,3
0,1.2394168752951866,50,2,4,0,1,0,2
0,0.7232926390247202,30,1,2,0,4,0,3
0,2.0655836800883085,30,1,3,0,1,0,2
1,3.182138534231743,36,1,3,1,1,0,3
0,1.9500926808579293,39,2,4,0,1,0,2
1,2.759250279495283,49,3,2,0,4,1,2
0,2.160241392784494,30,1,3,0,1,0,2
0,2.5359173557886687,31,1,4,1,3,0,3
0,2.7007176119412497,47,2,1,0,2,0,3
0,2.2253543990356652,41,1,1,0,2,0,3
0,2.7292331901808913,29,3,2,0,4,2,3
1,1.6572335192971344,58,1,4,1,3,0,3
1,2.150628617176091,36,1,3,0,1,0,2
0,1.6266277842156767,49,2,4,0,1,1,2
1,0.7232926390247202,31,1,1,0,2,0,1
0,0.0,18,1,2,0,3,0,3
0,1.003367789611642,34,1,4,0,3,1,1
0,2.481210695605874,55,2,1,0,3,0,3
0,0.6534494197615931,19,1,4,0,3,0,3
0,0.7232926390247202,20,1,3,1,1,0,2
0,1.4289959900630635,33,1,1,0,1,0,3
0,1.0529901478929689,20,1,4,0,4,0,2
0,0.7232926390247202,29,1,2,0,1,1,2
1,2.535485485422316,35,1,3,0,1,0,2
0,2.0747963674140095,49,2,4,0,1,1,2
0,2.6584607585199937,46,1,4,0,2,1,3
0,0.7685069058365471,30,2,1,0,3,3,3
1,3.4308194591697947,38,3,1,1,3,2,3
0,4.5116690755913105,58,3,4,1,3,0,3
1,1.8246975795359597,29,1,2,1,2,0,3
0,2.1507028516508644,39,2,3,0,2,2,2
1,0.7232926390247202,21,1,3,0,1,0,2
0,2.321826267170719,26,1,2,2,2,0,3
1,2.7854135759006455,29,2,2,0,1,0,2
1,2.669409441375319,35,2,3,0,1,0,2
0,2.625810467383357,46,3,1,0,2,1,3
0,1.165683612235483,30,1,2,1,4,0,3
0,0.8928046479580513,36,2,1,0,3,2,2
0,0.0,18,1,2,0,3,0,3
1,2.4080993587738484,56,1,2,1,3,0,3
0,2.7744945186698593,47,3,1,0,2,1,3
0,1.0271655664625416,34,1,4,0,3,1,1
0,0.48888601382923963,19,1,4,0,3,0,3
0,1.127846035765533,23,1,4,1,3,0,1
0,1.4439496034585393,31,1,1,0,4,0,3
1,2.4012200579473717,46,3,1,0,3,1,3
0,0.20335587076965592,22,1,3,1,1,1,3
1,0.20691435429916638,18,1,2,1,3,0,2
1,2.6439575553923524,36,1,3,0,1,0,2
0,1.3566439257287852,34,1,1,1,1,0,3
1,0.33932541425642204,27,1,1,1,2,0,2
0,1.1370694567092803,20,1,4,0,3,0,3
0,1.7396946820812753,44,1,1,1,1,0,3
1,2.3494990499496655,34,1,3,1,1,0,3
1,1.0454665812095936,28,1,3,1,1,0,2
0,2.6584607585199937,46,1,4,0,2,1,3
0,1.539512405262564,31,1,4,0,2,0,3
0,1.5094468882044894,32,1,4,0,3,0,2
0,2.7362697724782277,34,2,2,0,4,0,3
0,1.2316664047459653,27,1,4,0,3,0,3
1,0.7232926390247202,20,1,2,1,1,0,2
0,2.1988191864793007,29,1,3,1,3,0,3
0,1.7782803158941651,34,1,2,1,1,0,2
0,1.7376532290816087,50,2,1,0,3,0,1
0,1.2523952663667561,25,1,1,1,1,1,3
0,1.784602187374015,39,2,3,0,3,1,2
0,2.289589569014028,33,1,1,0,1,0,3
1,0.8623281748003198,20,1,2,0,2,0,2
1,1.4106560699162867,38,2,3,0,2,1,3
0,3.315232212875456,54,3,1,0,2,0,3
0,2.654444223805213,45,1,3,1,2,0,3
1,0.7345758941646104,19,1,1,1,3,0,2
1,0.982507690677906,45,2,1,0,1,2,3
1,0.9432338521207015,25,1,1,1,2,1,3
1,2.3262659909939356,29,3,1,0,3,3,3
0,0.7399527266687341,22,1,3,1,3,0,2
1,0.7232926390247202,31,1,1,0,2,0,1
0,2.715900552641342,34,1,4,1,1,1,2
0,2.0445474241652675,29,1,1,1,3,0,3
1,0.7232926390247202,30,1,1,0,1,0,2
1,0.39053123250172295,19,1,3,0,1,0,1
0,1.9911586975658215,29,1,3,1,4,0,2
0,1.7924769774662939,24,1,1,0,1,0,3
0,1.7688110348941422,31,1,4,1,3,0,2
1,0.6723650031574411,28,1,1,1,2,1,2
1,1.6061707733749833,28,1,3,1,3,0,3
0,2.2034706795641488,26,1,3,1,2,0,2
0,3.1206173346772177,36,2,1,0,3,0,1
0,0.8817019995754691,34,1,1,1,1,0,2
0,2.0774835459337906,30,1,1,0,3,0,3
0,2.6748246550671912,32,1,1,1,1,0,2
0,1.8569897368822499,28,1,3,1,3,0,3
1,1.175622953692389,24,1,1,0,2,0,3
0,0.8097046213484741,30,1,3,1,4,0,2
1,0.9134157131534533,30,1,2,0,2,0,1
0,0.5359646678619888,19,1,4,0,3,0,3
1,0.25868434704547705,27,1,1,1,3,0,3
0,2.753164357134301,50,1,1,0,3,2,3
0,1.1968986052386272,32,1,4,0,3,0,3
1,2.105885414463457,37,2,3,1,1,1,3
0,2.489172180802768,34,2,4,0,1,0,3
0,2.3534935145495384,29,1,3,1,3,0,3
0,1.634703018123797,33,1,1,0,1,0,3
1,1.5500832405342913,33,1,1,0,1,0,3
1,1.9436074227678688,29,1,3,1,3,0,2
0,1.8879047740728463,24,1,1,0,1,0,3
1,1.7782803158941651,29,1,3,1,4,1,2
0,0.7232926390247202,35,1,1,1,1,0,2
1,0.9987566505242277,29,1,2,0,2,0,1
1,3.004757966004325,46,3,1,0,3,0,2
0,0.7232926390247202,39,3,2,0,2,0,3
1,0.7232926390247202,21,1,2,0,2,0,3
0,0.7711301265310087,31,2,1,0,3,0,3
0,1.3793644250868111,31,1,3,0,2,0,2
1,2.0217889130418216,42,2,1,0,2,0,1
0,2.133925555088025,49,2,3,0,3,1,3
0,2.109951085065656,46,2,2,0,2,0,3
0,0.7232926390247202,25,1,3,0,4,0,1
0,1.3398187222023275,35,1,3,1,2,1,2
0,2.7357987605874166,32,1,3,1,3,1,3
1,2.03597597402432,31,1,3,1,3,0,3
0,1.9605422343385153,33,1,3,0,3,0,3
0,1.7782803158941651,29,1,3,1,4,0,2
0,1.5103973736359457,26,1,1,1,1,1,3
1,3.1555825529015906,37,2,1,0,2,0,1
1,2.8528254021990143,29,2,3,0,1,1,2
1,0.4655676225410476,28,1,1,1,2,1,2
0,2.84482553550931,56,5,4,1,1,0,3
0,2.6436272330528143,39,2,2,0,3,2,2
0,2.0563036721265577,29,1,2,0,3,3,2
0,0.1629697839217925,19,1,3,0,1,0,1
1,1.8370865625799127,34,1,2,1,1,0,3
1,2.783304911745647,35,1,2,1,1,0,3
1,2.4550593285170725,31,1,4,0,3,0,2
0,1.4886094236623832,25,1,1,1,1,1,3
0,1.9922465782285217,29,1,1,1,3,2,3
0,1.960417111433447,43,1,3,1,3,0,3
0,1.1474385893799077,26,1,1,1,2,0,2
0,1.6414981733206075,35,1,2,0,2,1,1
0,1.175622953692389,31,2,2,0,2,0,1
0,2.2206930234924624,34,2,1,0,4,0,3
0,1.7649372024877736,24,1,1,0,2,0,3
0,1.3360820201164008,39,1,4,0,1,0,2
0,2.1962544932649113,40,2,2,0,3,1,2
1,2.848167592877077,28,3,3,0,1,0,2
0,1.5377002993636801,31,1,3,0,2,0,2
0,1.175622953692389,20,1,3,0,3,0,2
0,1.0560337062489853,33,2,1,0,1,0,3
0,0.7232926390247202,28,1,1,1,1,1,2
1,1.295421727387404,30,1,2,0,2,0,3
0,0.705517096343153,18,1,3,0,2,0,2
0,0.7232926390247202,35,1,1,1,2,1,3
0,2.5540764393794597,46,2,3,0,2,2,3
0,0.7232926390247202,35,1,1,1,2,1,3
0,1.2438848112127108,40,3,2,0,2,0,3
0,2.4181015677466813,28,1,2,1,1,0,1
0,1.3202434222698216,33,1,4,0,3,0,1
1,0.7232926390247202,20,1,1,0,1,0,3
0,1.4594731816951758,49,1,1,0,3,0,2
0,1.3311465358577224,31,1,4,0,1,0,3
0,2.4932926854230515,55,2,1,0,3,0,3
0,2.6584607585199937,48,1,3,0,3,2,3
0,2.731797134516991,33,1,3,1,4,0,3
0,2.260359989723903,37,1,4,1,1,0,3
1,0.7232926390247202,30,1,1,0,1,0,2
0,0.7427759047933589,31,1,4,0,2,0,3
0,0.7232926390247202,39,3,2,0,2,0,3
1,1.1427849269837154,29,1,2,0,2,0,1
0,0.0,23,1,2,1,1,0,3
1,0.7232926390247202,27,1,1,1,2,0,2
0,2.1947177637593955,48,1,4,0,2,1,2
0,3.9388944318621406,56,4,2,0,2,0,3
0,1.6562385906055783,50,2,1,0,3,0,1
1,2.428067992307753,46,3,1,0,3,1,3
0,2.273411783244047,33,1,3,1,4,0,3
0,2.0161604409258613,30,1,1,0,4,0,3
0,2.525713999417178,55,2,4,1,2,1,3
1,0.7232926390247202,30,2,1,0,3,0,3
0,1.2041011454370962,24,1,1,0,2,0,3
1,0.7232926390247202,31,1,4,1,1,0,3
0,3.1641144422252885,36,2,1,0,3,0,1
0,2.4610992067527255,35,1,3,1,2,1,2
0,0.5870500437378208,22,1,3,0,4,1,2
0,0.7362207776856826,24,1,1,0,1,0,3
0,1.267275089667933,31,1,3,0,1,0,2
0,0.7232926390247202,58,1,4,1,3,0,2
0,1.2628221341355383,30,1,2,1,4,1,2
0,1.9199175505862458,30,1,1,1,2,0,3
1,3.3567186068301846,35,1,2,1,1,0,3
0,1.26837875349911,45,2,1,0,1,1,3
0,2.7411887046430534,50,1,1,0,3,2,3
0,2.6728956406245845,31,1,2,1,1,0,1
1,0.9032164406048138,20,1,2,0,2,0,2
0,0.7232926390247202,32,1,4,0,2,0,3
0,2.1796419947159262,32,2,2,0,2,0,2
0,1.2410993175746978,21,1,1,0,2,0,2
0,1.4011903708827078,24,1,1,0,1,0,3
0,0.7798117772858785,33,1,1,0,1,0,2
0,1.175622953692389,31,2,2,0,2,0,1
1,0.7232926390247202,36,2,1,1,2,0,2
0,2.0159553567071695,26,1,3,1,2,0,2
0,2.7123288516333326,29,2,2,0,3,3,2
0,0.12092406511181329,24,1,1,1,1,0,3
1,0.7232926390247202,31,1,4,1,1,0,3
1,2.689550719082571,29,1,1,0,1,0,2
0,0.7232926390247202,30,1,2,0,4,0,3
0,1.214086045580808,49,1,4,0,3,0,3
0,2.0664621786458777,33,2,1,0,3,0,3
0,1.4286635691217064,35,1,2,1,1,1,2
1,1.959816578686334,29,1,3,0,1,0,2
0,1.7782803158941651,28,1,3,1,4,0,2
0,2.3832568995273626,48,1,4,0,3,1,3
1,0.30734309041601454,18,1,2,1,3,0,2
0,2.032971271877092,33,1,1,1,1,0,2
0,0.7232926390247202,25,1,3,1,3,0,1
0,2.5057990005828334,47,2,1,0,2,0,3
0,1.7619553785962792,35,1,2,0,2,1,1
0,1.7440723365225517,28,1,2,1,4,0,1
0,1.5523621718175848,49,1,1,0,2,0,2
1,1.1274037486637596,37,2,1,1,2,2,3
0,1.7423360783558994,43,1,1,0,3,0,1
0,2.2333983597684623,41,2,1,0,3,0,3
0,1.458458322079484,32,1,3,0,2,0,2
1,1.470847921068716,28,1,3,1,3,0,2
0,2.1086783293684914,30,1,3,0,1,0,2
0,2.424814650421658,26,1,2,1,3,1,2
0,2.0898504877812476,40,2,1,0,2,0,3
1,1.7782803158941651,26,1,3,0,1,0,2
0,1.7493585166982435,38,1,3,1,1,1,3
0,2.7022394325005386,32,1,3,1,3,1,3
0,1.5830112312315179,26,1,1,1,3,1,3
1,2.4404059166734875,30,2,2,0,1,0,2
0,4.60002146249221,58,3,4,1,3,0,3
0,1.0844146935080543,26,1,3,1,3,0,1
0,1.0118141309162705,20,1,3,0,3,0,2
0,2.3424078237092334,26,1,3,0,2,0,2
0,1.6871648920109692,36,1,3,1,1,0,2
0,2.5575446113150333,33,1,1,0,1,0,3
0,2.0365005413599393,29,1,2,0,3,3,2
1,2.281160440053569,36,1,3,0,1,0,2
1,2.3011502045125174,36,1,3,0,1,0,2
0,2.5739019555657268,29,3,2,0,4,0,3
0,0.7232926390247202,24,1,3,0,3,0,1
1,0.8582066783796568,30,1,2,0,2,0,1
0,2.6483718003952648,45,1,3,1,2,0,3
1,2.437162830452033,41,1,1,0,1,0,2
0,1.0027924778717543,43,1,3,1,3,0,2
0,1.175622953692389,28,1,3,1,3,0,3
1,0.7232926390247202,30,2,1,0,3,0,3
0,1.429348584226044,32,1,3,0,2,0,2
0,2.7854135759006455,46,3,1,1,2,1,3
1,0.484054169658337,28,1,3,0,1,0,3
0,0.7767007701907118,39,2,3,0,3,1,2
0,0.0,18,1,2,0,3,0,3
0,1.779351948369017,29,1,3,1,3,0,2
0,1.5103973736359457,26,1,1,1,1,1,3
0,2.1874961817261824,40,2,2,0,3,0,2
1,1.401496323545593,29,1,2,1,2,0,2
1,0.36387785913379334,18,1,2,1,3,0,2
1,3.9158190427090935,51,4,1,0,4,0,1
1,2.7352902335795473,30,2,3,0,1,0,3
1,1.4484633337028257,28,1,3,1,3,0,2
1,2.8947169899802563,28,3,3,0,1,0,2
0,0.0,18,1,2,0,3,0,3
0,0.36619017187497255,24,1,1,1,1,0,3
0,2.3462172495900138,40,2,1,0,4,0,3
0,0.8602246535021496,30,1,2,1,4,0,3
0,0.7232926390247202,58,1,4,1,3,0,2
0,1.6640954979272813,39,2,4,0,2,0,2
1,2.205774254722393,43,2,1,0,3,0,1
1,0.8114522714147211,31,1,3,1,2,0,3
1,0.7232926390247202,29,1,2,0,1,0,2
0,2.014846318976836,26,1,3,1,1,0,3
0,1.581544312468791,29,1,1,1,3,2,3
0,2.266756669280548,34,1,4,1,1,1,2
0,2.307019265473154,33,2,1,0,2,0,3
0,0.7232926390247202,20,1,4,1,3,0,2
0,0.7232926390247202,32,1,4,0,2,0,3
0,1.3784147884048963,22,1,3,0,4,1,2
0,1.175622953692389,28,1,3,0,3,0,3
1,2.055018595114251,30,1,3,0,1,0,2
0,1.9946386279091148,49,2,4,0,1,1,2
1,2.5691450783875482,48,3,2,0,4,1,3
0,0.7151548757799638,23,1,3,1,1,1,3
1,3.4758482685445404,54,1,3,1,3,1,2
0,2.4209271267948202,26,1,3,0,4,0,1
1,0.3184120580135159,18,1,2,1,3,0,2
1,2.0101877843359857,29,1,1,1,1,0,2
0,1.5542272390302287,29,1,2,0,3,2,2
0,2.703942872627107,32,1,3,1,3,1,3
1,3.7813315686431386,54,2,3,1,3,1,2
0,0.7232926390247202,21,1,3,1,1,0,2
0,2.0240534906086323,33,1,1,1,1,0,3
1,0.6972365467186002,28,1,3,0,1,0,3
0,1.1881675477367861,29,1,3,1,4,0,3
1,3.0638700389746747,35,1,2,1,1,0,3
0,1.7782803158941651,28,1,3,1,4,0,2
1,1.567795309084541,37,3,1,0,3,1,2
0,2.519827840831157,26,1,3,0,3,0,2
0,0.7232926390247202,20,1,4,1,4,0,2
0,2.519827840831157,26,1,3,0,3,0,2
1,0.8370373333734099,29,1,3,0,1,0,3
0,0.7539175233713407,35,2,1,0,3,1,2
0,2.510420173549101,41,1,1,0,2,0,3
1,0.6042873340188667,28,1,1,1,2,1,2
0,2.139484167988096,40,1,1,0,1,0,3
0,0.7232926390247202,24,1,3,1,3,0,1
0,1.018348613070012,28,1,1,1,1,3,2
0,2.1281247442531885,26,1,4,1,2,0,3
0,1.800123805100743,40,2,2,0,3,0,3
0,1.1942159685761946,30,1,1,1,3,0,3
0,1.3677582009851779,39,2,4,0,2,0,2
0,0.7232926390247202,20,1,4,1,3,0,3
0,0.28348215656399706,18,1,2,0,4,0,2
0,0.1486319655352718,23,1,3,0,1,2,3
0,1.2790366007272782,49,1,1,0,3,0,2
0,1.3809387349969633,35,1,4,1,2,1,2
0,3.44815075211032,35,1,3,1,1,0,3
0,2.4103858811446734,51,3,2,0,1,0,2
0,0.7232926390247202,28,1,1,1,1,1,2
1,0.7232926390247202,20,1,2,1,1,0,2
1,1.984681677891178,29,1,3,1,2,0,2
1,1.8543069014046114,28,1,3,1,3,0,3
0,1.4688188952362407,29,1,2,0,1,0,1
0,1.1987649363131614,44,1,2,1,1,0,3
1,2.286261432171435,56,1,2,1,3,0,3
0,1.5420186952951387,34,2,2,1,1,2,2
0,2.341501975906244,46,2,1,0,1,1,3
0,1.9940543064851863,29,2,1,0,4,3,3
0,1.7104797493389559,22,1,3,1,3,0,2
0,2.7682979689949017,50,1,1,0,3,2,3
0,2.14483248808476,44,1,3,1,3,0,3
0,1.7608010874713709,29,1,1,1,3,2,3
0,1.7019515687949867,43,1,1,0,3,0,1
0,1.4166224560286436,29,1,1,0,3,3,2
0,1.1315570281153502,33,1,1,1,1,0,2
0,2.6584607585199937,48,1,3,0,3,2,3
0,0.05992261712520741,33,2,1,0,1,0,3
0,2.4348429817827673,34,2,4,0,1,0,3
1,2.1479447966312017,32,2,4,0,3,0,3
0,2.7854135759006455,32,1,1,1,1,0,2
0,2.7854135759006455,32,1,4,1,3,0,3
0,1.175622953692389,31,2,2,0,2,0,1
0,1.8610837722668663,38,1,3,1,1,1,3
0,0.8180728974666958,20,1,4,0,4,0,3
1,1.9935340556885213,26,1,3,0,1,0,2
0,1.178864680519255,33,1,1,0,1,0,2
0,0.7232926390247202,20,1,3,1,1,0,2
0,1.0753886970684756,25,1,1,1,1,0,3
0,2.968438952238154,53,3,1,0,2,0,3
1,3.0254626478103046,48,3,3,0,3,1,2
0,0.7232926390247202,21,1,3,1,1,0,2
1,0.7232926390247202,26,1,1,1,2,0,2
0,1.1820293820197454,30,1,3,1,4,0,2
1,1.1846926314736181,44,1,1,0,1,0,3
0,2.74374188285037,35,2,4,0,2,0,3
0,2.580299021672977,52,3,2,0,2,0,2
1,0.7232926390247202,30,1,1,0,1,0,2
0,0.8418942386436065,26,1,1,1,2,0,2
1,1.4863791906229271,25,1,1,1,1,0,3
1,0.1666550877356689,18,1,2,1,3,0,2
1,2.5017681758992505,46,3,2,0,2,2,3
0,3.126129591994887,32,2,3,0,3,0,1
0,0.0,18,1,2,0,2,0,3
0,1.8633227387843974,26,1,1,1,2,1,3
0,2.504226951485513,26,1,2,1,3,1,2
1,2.243227113338224,30,2,3,0,1,0,2
0,1.6801697099619664,49,2,2,0,1,0,2
0,1.455960780783673,31,1,4,0,1,0,3
0,2.168111278166523,26,1,3,2,2,0,3
1,2.8780512104836293,51,3,1,0,4,0,1
0,2.7379704985780435,51,1,1,0,2,2,3
0,2.973326021919551,32,2,3,0,3,0,1
0,2.277915415010091,34,1,4,1,1,1,2
1,1.175622953692389,24,1,1,0,2,0,3
0,2.2196780872245414,27,1,4,0,3,0,3
0,1.1481823044691415,36,1,3,1,1,0,2
0,0.8269897648188318,26,1,1,1,2,1,3
0,1.561994956768235,48,2,1,1,1,0,2
1,2.6539751195946715,48,3,3,0,3,2,3
1,0.8596442607354837,19,1,1,1,3,0,2
0,0.8073557335235109,25,1,3,0,3,0,1
0,1.5120886367532318,26,1,1,1,2,1,3
0,1.7582477833854604,49,2,4,0,1,1,2
0,1.624292025396992,30,1,4,0,1,0,3
0,2.7150036318800854,35,2,4,0,2,0,3
0,1.261291315664406,25,1,1,1,1,1,3
0,1.0110858573734316,40,3,1,0,2,0,3
0,2.508370022619084,48,2,2,0,3,1,3
0,0.7838817829057906,29,1,2,1,1,0,2
0,0.6734408457720419,28,1,2,1,1,0,2
0,2.132507295444615,30,1,3,0,1,0,2
1,2.8378058683628833,32,2,4,0,3,0,2
0,1.159406467701785,22,1,3,0,4,1,2
1,0.6302073254673741,18,1,2,1,3,0,2
1,1.5940652645095876,37,2,1,0,2,0,1
1,0.7232926390247202,20,1,2,1,1,0,2
0,0.8539979131657287,26,1,3,1,3,0,1
0,2.50711917918315,34,1,4,1,1,1,2
0,1.3126672493457685,21,1,1,0,2,0,2
0,1.711984835350401,29,1,2,0,1,0,1
0,1.860722108739998,30,1,3,1,1,0,2
0,1.1399758005283003,42,1,3,1,3,0,3
0,2.597014733844792,29,2,2,0,3,2,3
1,0.7232926390247202,20,1,1,0,1,0,3
0,1.1238763078424707,24,1,1,1,1,0,3
0,2.4488594511795445,25,1,3,1,3,1,2
1,1.0796389562650819,30,1,1,1,2,0,2
0,1.4453259795386983,39,1,4,0,1,0,2
0,0.0,18,1,2,0,2,0,3
0,0.8439690105028604,43,1,3,1,3,0,3
0,1.0853696970294409,30,1,2,0,4,0,3
0,4.5082414491898275,58,3,4,1,3,0,3
0,0.8794089156007566,35,2,1,0,3,1,2
0,2.261421531007329,33,1,1,0,1,0,3
0,0.7232926390247202,25,1,3,0,4,0,1
0,2.182103389709636,43,1,3,1,3,0,3
0,1.685079281963287,32,1,4,0,3,0,3
1,0.7232926390247202,21,1,2,0,1,0,2
0,1.6917660568716035,35,1,3,1,1,0,2
0,1.0793780063148404,34,1,1,0,1,0,3
0,2.3976182504342933,25,1,4,0,4,0,2
1,1.7782803158941651,28,1,3,1,4,1,2
0,1.5103973736359457,31,1,3,0,1,0,2
0,2.8395185138735974,55,4,2,0,2,0,3
0,0.7232926390247202,25,1,3,0,4,0,1
0,0.7232926390247202,20,1,3,1,1,0,2
0,0.4957555755051554,21,1,3,1,4,0,2
0,0.3807503147433591,23,1,3,1,1,1,3
0,1.3860426664491758,51,2,2,0,2,0,3
0,0.799176087795478,29,1,2,0,1,0,1
0,1.5520825048545763,30,1,3,0,1,0,2
1,1.0637350468989015,28,1,3,1,2,0,2
0,1.8565287954071703,34,1,3,1,1,1,1
0,1.6673246823011312,40,2,2,0,3,0,3
1,3.659586120511938,44,3,1,1,1,1,2
0,2.0637948881570063,44,1,3,1,3,0,3
1,2.4695572086967315,41,1,1,0,1,0,2
0,1.6975942045603876,50,1,1,0,2,0,2
0,2.244364992425855,44,1,3,1,2,0,3
1,0.7232926390247202,31,3,1,0,3,2,3
0,1.1431652406807686,30,1,3,1,4,0,2
1,0.7232926390247202,21,1,2,0,2,0,3
0,1.4390158954814678,28,1,3,1,3,0,2
0,3.0159183776675422,52,3,1,0,2,0,2
1,4.369294259935318,52,4,1,0,4,1,1
0,0.6223629283623232,22,1,3,0,4,1,2
0,2.997841934513563,36,2,1,0,3,0,2
0,1.4242728067431263,42,1,3,1,3,0,3
1,1.175622953692389,20,1,2,0,3,0,2
0,2.823957072301996,33,1,4,0,4,0,3
1,0.7232926390247202,31,1,4,1,1,0,3
0,1.7951802088412943,43,1,3,1,3,0,3
0,2.519827840831157,26,1,4,0,3,0,2
0,1.3123407624561039,26,1,1,1,2,0,2
0,0.8475637808255848,21,1,1,0,2,0,2
0,1.1062061028648484,25,1,3,0,4,0,1
0,0.019516870902713812,19,1,4,0,2,0,2
0,1.1963909595232225,29,1,1,0,3,3,2
0,4.217623826090281,52,3,2,0,3,0,2
0,1.7280030581814443,39,2,3,0,3,1,2
0,2.255710892514707,33,1,1,1,1,0,3
0,1.2746253597272574,38,1,3,1,1,0,3
0,1.5103973736359457,31,1,3,0,1,0,2
0,1.4709543391778104,31,1,3,0,1,0,2
1,3.2231305436775144,36,1,3,1,1,0,3
0,1.8161082707285157,49,2,4,0,1,1,2
1,2.8669701856657883,32,2,4,0,3,0,2
0,0.19228347340723753,24,1,1,1,1,0,3
1,1.0308327258915855,28,1,3,1,2,0,2
0,0.9014062500892495,26,1,1,1,2,0,2
0,0.7232926390247202,43,1,3,1,3,1,2
0,1.5103973736359457,31,1,4,0,2,0,2
0,0.8542357931604545,24,1,1,0,1,0,3
1,1.8818490613738552,29,1,2,1,2,0,3
0,2.519827840831157,26,1,3,1,3,0,2
0,1.8017224034842034,35,1,3,0,1,0,2
0,1.1952026208286228,50,1,1,0,3,0,2
0,1.0187327410543863,25,1,2,0,2,2,2
0,2.0443973021589437,51,3,1,0,3,0,1
0,2.1412726746099526,40,2,3,0,2,1,2
0,1.7188083795401135,32,1,4,0,3,0,3
0,2.3482316470791176,29,1,2,0,3,2,2
0,0.8732183911804963,20,1,3,0,3,0,2
0,2.8237311487138594,35,2,4,0,3,0,3
1,2.6568710386767913,44,3,1,0,4,1,3
1,0.7122786804514157,18,1,2,1,3,0,2
0,1.5991799000358817,49,1,1,0,2,0,2
1,1.8808001619498766,29,1,3,1,3,0,2
1,0.8142544640746068,31,1,3,1,1,0,3
0,1.141745599758313,30,1,2,0,4,0,3
0,1.2245099313890857,21,1,1,0,2,0,2
0,3.1208624246054235,36,1,3,1,1,0,3
0,0.7232926390247202,29,1,2,0,1,1,2
0,1.821249430394967,30,1,4,0,1,0,3
0,2.384574961219278,48,1,4,0,2,1,2
0,1.044064956088142,57,1,3,1,4,0,2
1,0.7232926390247202,27,1,1,1,2,0,2
1,0.6044416869329261,27,1,1,1,2,0,2
0,2.3282443744763808,25,1,4,1,3,0,3
1,2.4466107459177975,30,2,3,0,1,0,2
0,0.5375743674459269,23,1,3,1,3,1,1
1,1.635577057027363,30,1,3,1,3,1,2
1,0.7232926390247202,36,2,1,1,3,1,3
0,1.3754340096945705,28,1,1,0,3,0,1
0,1.4561812417676265,31,1,4,0,2,0,3
0,0.0858775102502769,28,1,1,1,3,0,2
0,1.175622953692389,20,1,3,0,3,0,2
0,2.396725982156149,33,1,3,1,4,0,3
1,1.0681709860316504,41,1,1,0,1,0,1
1,2.442886311343762,31,1,4,1,3,0,3
0,1.4547278792936569,32,1,3,0,2,0,2
0,1.8842560329647187,30,1,3,1,1,0,2
1,0.0,18,1,3,1,3,0,3
0,1.5103973736359457,26,1,1,1,1,1,3
0,0.7232926390247202,35,1,1,1,1,1,3
0,2.500887576648041,34,1,3,0,4,0,3
1,2.804093666227317,28,3,2,0,1,0,2
0,2.85401470931126,35,2,1,0,3,0,1
0,1.3989740732305087,21,1,1,0,2,0,2
0,1.8669542130328862,33,2,1,0,1,0,3
1,2.051306108551956,29,1,2,1,2,0,3
1,2.7782013197795155,30,2,2,0,1,0,2
0,0.6418231709475419,28,1,2,1,1,0,2
0,1.1810476514618937,42,1,3,1,3,0,3
0,0.7232926390247202,21,1,4,1,2,0,3
0,1.4302640177705446,20,1,1,0,1,0,2
0,1.6528082338267,29,1,3,1,4,0,2
0,2.6161776323629238,34,1,4,1,1,1,3
1,2.053729491984239,29,3,1,0,3,3,3
0,0.7385685426347351,31,1,1,1,2,0,2
1,2.067508033617877,37,2,3,1,1,1,3
0,0.7232926390247202,22,1,4,1,2,0,3
0,1.1043365175059756,34,1,4,0,3,1,1
0,2.5010893793677735,47,2,1,0,2,0,3
0,1.0640003148728225,39,1,4,0,1,0,3
1,3.3778946153734823,38,3,1,0,3,1,2
1,0.7921749042336577,20,1,2,0,2,0,2
0,0.0,23,1,2,1,1,1,3
0,1.5103973736359457,26,1,1,1,1,1,3
0,1.9879915704278481,25,1,3,0,3,0,1
0,2.667083439774644,33,1,1,1,1,0,3
0,2.0678665607773477,33,1,1,1,1,0,2
1,2.8420987007648213,51,3,1,1,4,0,1
1,1.3770453943932195,36,2,1,0,3,0,2
0,0.9391295783429323,28,1,1,0,2,2,2
0,0.0,23,1,2,1,1,0,3
1,2.809174331784206,28,3,2,0,1,0,2
0,0.7232926390247202,28,1,1,1,1,1,2
1,2.7574088929447083,29,1,1,0,1,0,2
1,2.485542852103185,33,1,1,0,1,0,3
0,0.0,32,2,1,0,1,0,1
1,2.689896535032337,29,1,1,0,1,0,2
0,0.26122167297209664,28,1,1,1,3,0,2
0,3.3081667452688195,54,3,1,0,2,0,3
0,1.5608550507425316,29,1,1,1,1,2,2
1,1.0284721302528603,20,1,3,0,2,0,2
0,0.8711184700037616,28,1,2,1,2,3,3
1,1.0862224697740763,20,1,2,0,2,0,2
0,0.7233403128566297,32,1,4,0,2,0,3
0,1.5656687389690285,30,1,2,1,4,1,2
1,0.0,18,1,3,1,3,0,3
0,1.1563474759910615,22,1,3,1,3,0,2
0,1.7178245060389403,22,1,4,1,2,0,2
1,0.7232926390247202,26,1,1,1,3,0,2
1,2.7854135759006455,28,2,2,0,1,0,2
0,1.8824632709888918,30,1,1,1,2,0,3
0,0.7232926390247202,24,1,3,1,3,0,1
0,1.175622953692389,31,1,2,1,3,1,3
0,1.3836492976346182,33,1,1,0,1,0,2
0,0.7232926390247202,28,1,2,1,1,2,2
1,0.3333723712494425,27,1,1,1,2,0,2
1,1.7782803158941651,28,1,3,1,4,1,2
0,1.6218107461168587,32,1,3,1,3,0,2
0,2.310405354836911,41,2,1,0,3,0,3
0,2.0013155031354084,27,1,3,1,3,0,3
1,1.7782803158941651,28,1,3,1,4,1,2
0,1.5951887120741952,26,1,1,1,1,1,3
0,2.519827840831157,26,1,3,0,3,0,2
0,0.7232926390247202,20,1,4,1,3,0,3
0,1.3398114584824385,29,1,1,0,3,3,2
1,4.246249085712204,52,3,2,1,4,0,1
0,1.6560088912266424,50,1,1,0,3,0,2
1,1.175622953692389,29,1,2,0,2,0,1
1,1.1098098888923793,28,1,3,1,1,0,2
0,1.5235354621087487,50,1,1,0,3,0,1
1,0.7232926390247202,26,1,1,1,3,0,2
0,2.1952358585615475,43,1,3,1,3,0,2
0,1.4941888469143432,43,1,3,1,3,0,2
0,2.1132729242671306,33,1,1,1,3,1,1
0,1.774358467271827,28,1,2,1,4,0,1
1,2.4525761511326225,29,2,3,0,1,0,2
0,0.7232926390247202,36,1,1,1,1,0,1
1,1.6783759040697523,32,1,4,0,2,0,3
1,0.7790883034834338,20,1,1,1,1,0,2
0,3.6424603814872327,55,4,1,0,2,0,3
0,1.7099735989347427,36,1,3,0,1,0,2
1,2.517087505287256,37,2,1,0,2,0,1
0,0.8700765397943663,29,1,3,1,4,0,2
1,1.3389579160745655,30,3,1,0,3,3,3
0,1.5222382663564513,30,1,1,0,3,0,3
0,2.6351252704732877,33,1,1,0,1,0,3
